dataset,unit_id,regime_id,predeclared_mechanism,mechanism_status,activation_measure,static_selected_policy,dynamic_selected_policy,winner_agreement,dynamic_regret,within_material_tolerance,execution_agreement,best_simple_policy_cost,best_advanced_policy_cost,attainable_improvement,simple_policy_improvement_recovered,counterexample_flag,evidence_source
M5,FOODS_1_218__TX_2,strict_frozen,ensemble_rate_cap,active,target_changed,simple_ensemble_rate_limited,accuracy_first,0,6.471627462776269,True,True,4678.136475417528,,,,False,results/working/static_dynamic_ranking_diagnostics.csv;results/working/rate_limiter_mechanism_audit.csv
M5,FOODS_2_197__CA_1,strict_frozen,ensemble_rate_cap,active,target_changed,simple_ensemble_rate_limited,operationally_weighted_ensemble,0,0.0,True,True,7666.131562846952,,,,False,results/working/static_dynamic_ranking_diagnostics.csv;results/working/rate_limiter_mechanism_audit.csv
M5,FOODS_2_197__CA_3,strict_frozen,ensemble_rate_cap,active,target_changed,simple_ensemble_rate_limited,operationally_weighted_ensemble,0,0.0,True,True,953.2000977357937,,,,False,results/working/static_dynamic_ranking_diagnostics.csv;results/working/rate_limiter_mechanism_audit.csv
M5,FOODS_2_276__CA_3,strict_frozen,ensemble_rate_cap,active,target_changed,simple_ensemble_rate_limited,accuracy_first,0,10.227832121193618,False,True,666.9517711656251,,,,False,results/working/static_dynamic_ranking_diagnostics.csv;results/working/rate_limiter_mechanism_audit.csv
M5,FOODS_2_360__CA_3,strict_frozen,ensemble_rate_cap,active,target_changed,simple_ensemble_rate_limited,accuracy_first,0,160.03805170031774,False,True,6513.83283965426,,,,False,results/working/static_dynamic_ranking_diagnostics.csv;results/working/rate_limiter_mechanism_audit.csv
M5,FOODS_2_360__TX_3,strict_frozen,ensemble_rate_cap,active,target_changed,accuracy_rate_limited,accuracy_first,0,0.0,True,True,9117.438492179583,,,,False,results/working/static_dynamic_ranking_diagnostics.csv;results/working/rate_limiter_mechanism_audit.csv
M5,FOODS_2_360__WI_2,strict_frozen,ensemble_rate_cap,inactive,target_unchanged,operationally_weighted_ensemble,operationally_weighted_ensemble,1,0.0,True,True,39078.20692175155,,,,False,results/working/static_dynamic_ranking_diagnostics.csv;results/working/rate_limiter_mechanism_audit.csv
M5,FOODS_3_007__WI_2,strict_frozen,ensemble_rate_cap,active,target_changed,simple_ensemble_rate_limited,accuracy_first,0,1.3834433048032222e-06,True,True,52980.61249815539,,,,False,results/working/static_dynamic_ranking_diagnostics.csv;results/working/rate_limiter_mechanism_audit.csv
M5,FOODS_3_030__TX_2,strict_frozen,ensemble_rate_cap,active,target_changed,accuracy_first,accuracy_first,1,0.0,True,True,3611.7794166314543,,,,False,results/working/static_dynamic_ranking_diagnostics.csv;results/working/rate_limiter_mechanism_audit.csv
M5,FOODS_3_030__TX_3,strict_frozen,ensemble_rate_cap,active,target_changed,simple_ensemble_rate_limited,operationally_weighted_ensemble,0,0.0,True,True,769.034603419481,,,,False,results/working/static_dynamic_ranking_diagnostics.csv;results/working/rate_limiter_mechanism_audit.csv
M5,FOODS_3_080__CA_1,strict_frozen,ensemble_rate_cap,inactive,target_unchanged,accuracy_first,accuracy_first,1,0.0,True,True,1031.613836872805,,,,False,results/working/static_dynamic_ranking_diagnostics.csv;results/working/rate_limiter_mechanism_audit.csv
M5,FOODS_3_080__TX_2,strict_frozen,ensemble_rate_cap,active,target_changed,simple_ensemble_rate_limited,operationally_weighted_ensemble,0,0.0,True,True,721.1553770278899,,,,False,results/working/static_dynamic_ranking_diagnostics.csv;results/working/rate_limiter_mechanism_audit.csv
M5,FOODS_3_090__CA_1,strict_frozen,ensemble_rate_cap,active,target_changed,accuracy_first,accuracy_first,1,0.0,True,True,18749.24956245307,,,,False,results/working/static_dynamic_ranking_diagnostics.csv;results/working/rate_limiter_mechanism_audit.csv
M5,FOODS_3_090__CA_2,strict_frozen,ensemble_rate_cap,active,target_changed,simple_ensemble_rate_limited,operationally_weighted_ensemble,0,0.0,True,True,5533.997829639623,,,,False,results/working/static_dynamic_ranking_diagnostics.csv;results/working/rate_limiter_mechanism_audit.csv
M5,FOODS_3_090__CA_3,strict_frozen,ensemble_rate_cap,active,target_changed,accuracy_first,accuracy_first,1,0.0,True,True,25660.91775275394,,,,False,results/working/static_dynamic_ranking_diagnostics.csv;results/working/rate_limiter_mechanism_audit.csv
M5,FOODS_3_090__CA_4,strict_frozen,ensemble_rate_cap,active,target_changed,accuracy_first,accuracy_first,1,0.0,True,True,8367.00920464299,,,,False,results/working/static_dynamic_ranking_diagnostics.csv;results/working/rate_limiter_mechanism_audit.csv
M5,FOODS_3_090__TX_1,strict_frozen,ensemble_rate_cap,active,target_changed,simple_ensemble_rate_limited,operationally_weighted_ensemble,0,0.0,True,True,8273.476336040121,,,,False,results/working/static_dynamic_ranking_diagnostics.csv;results/working/rate_limiter_mechanism_audit.csv
M5,FOODS_3_090__TX_2,strict_frozen,ensemble_rate_cap,active,target_changed,simple_ensemble_rate_limited,operationally_weighted_ensemble,0,0.0,True,True,15775.727154695458,,,,False,results/working/static_dynamic_ranking_diagnostics.csv;results/working/rate_limiter_mechanism_audit.csv
M5,FOODS_3_090__TX_3,strict_frozen,ensemble_rate_cap,inactive,target_unchanged,accuracy_first,accuracy_first,1,0.0,True,True,13720.781000603616,,,,False,results/working/static_dynamic_ranking_diagnostics.csv;results/working/rate_limiter_mechanism_audit.csv
M5,FOODS_3_090__WI_3,strict_frozen,ensemble_rate_cap,active,target_changed,simple_ensemble_rate_limited,operationally_weighted_ensemble,0,0.0,True,True,22044.644900061678,,,,False,results/working/static_dynamic_ranking_diagnostics.csv;results/working/rate_limiter_mechanism_audit.csv
M5,FOODS_3_099__TX_2,strict_frozen,ensemble_rate_cap,active,target_changed,accuracy_first,accuracy_first,1,0.0,True,True,992.6075832272937,,,,False,results/working/static_dynamic_ranking_diagnostics.csv;results/working/rate_limiter_mechanism_audit.csv
M5,FOODS_3_120__CA_1,strict_frozen,ensemble_rate_cap,active,target_changed,accuracy_rate_limited,accuracy_first,0,0.0,True,True,12396.117124794704,,,,False,results/working/static_dynamic_ranking_diagnostics.csv;results/working/rate_limiter_mechanism_audit.csv
M5,FOODS_3_120__CA_3,strict_frozen,ensemble_rate_cap,inactive,target_unchanged,operationally_weighted_ensemble,operationally_weighted_ensemble,1,0.0,True,True,37327.894909573995,,,,False,results/working/static_dynamic_ranking_diagnostics.csv;results/working/rate_limiter_mechanism_audit.csv
M5,FOODS_3_120__WI_3,strict_frozen,ensemble_rate_cap,active,target_changed,simple_ensemble_rate_limited,operationally_weighted_ensemble,0,0.0,True,True,29615.304065112447,,,,False,results/working/static_dynamic_ranking_diagnostics.csv;results/working/rate_limiter_mechanism_audit.csv
M5,FOODS_3_202__CA_3,strict_frozen,ensemble_rate_cap,active,target_changed,accuracy_first,accuracy_first,1,0.0,True,True,7943.772864941143,,,,False,results/working/static_dynamic_ranking_diagnostics.csv;results/working/rate_limiter_mechanism_audit.csv
M5,FOODS_3_202__TX_1,strict_frozen,ensemble_rate_cap,active,target_changed,simple_ensemble_rate_limited,operationally_weighted_ensemble,0,0.0,True,True,7792.780144093412,,,,False,results/working/static_dynamic_ranking_diagnostics.csv;results/working/rate_limiter_mechanism_audit.csv
M5,FOODS_3_202__TX_2,strict_frozen,ensemble_rate_cap,inactive,target_unchanged,accuracy_first,accuracy_first,1,0.0,True,True,6888.013311942995,,,,False,results/working/static_dynamic_ranking_diagnostics.csv;results/working/rate_limiter_mechanism_audit.csv
M5,FOODS_3_202__TX_3,strict_frozen,ensemble_rate_cap,active,target_changed,accuracy_first,accuracy_first,1,0.0,True,True,1708.6088884034198,,,,False,results/working/static_dynamic_ranking_diagnostics.csv;results/working/rate_limiter_mechanism_audit.csv
M5,FOODS_3_226__WI_1,strict_frozen,ensemble_rate_cap,inactive,target_unchanged,operationally_weighted_ensemble,operationally_weighted_ensemble,1,0.0,True,True,3554.3098775268913,,,,False,results/working/static_dynamic_ranking_diagnostics.csv;results/working/rate_limiter_mechanism_audit.csv
M5,FOODS_3_226__WI_2,strict_frozen,ensemble_rate_cap,inactive,target_unchanged,operationally_weighted_ensemble,operationally_weighted_ensemble,1,0.0,True,True,2354.4086246761044,,,,False,results/working/static_dynamic_ranking_diagnostics.csv;results/working/rate_limiter_mechanism_audit.csv
M5,FOODS_3_226__WI_3,strict_frozen,ensemble_rate_cap,inactive,target_unchanged,accuracy_first,accuracy_first,1,0.0,True,True,1236.107666427568,,,,False,results/working/static_dynamic_ranking_diagnostics.csv;results/working/rate_limiter_mechanism_audit.csv
M5,FOODS_3_234__CA_3,strict_frozen,ensemble_rate_cap,active,target_changed,simple_ensemble_rate_limited,operationally_weighted_ensemble,0,0.0,True,True,6581.563967600188,,,,False,results/working/static_dynamic_ranking_diagnostics.csv;results/working/rate_limiter_mechanism_audit.csv
M5,FOODS_3_234__WI_2,strict_frozen,ensemble_rate_cap,active,target_changed,simple_ensemble_rate_limited,accuracy_first,0,11.209988435776722,True,True,5403.846201276032,,,,False,results/working/static_dynamic_ranking_diagnostics.csv;results/working/rate_limiter_mechanism_audit.csv
M5,FOODS_3_234__WI_3,strict_frozen,ensemble_rate_cap,active,target_changed,simple_ensemble_rate_limited,operationally_weighted_ensemble,0,0.0,True,True,9938.677592704,,,,False,results/working/static_dynamic_ranking_diagnostics.csv;results/working/rate_limiter_mechanism_audit.csv
M5,FOODS_3_252__CA_1,strict_frozen,ensemble_rate_cap,active,target_changed,simple_ensemble_rate_limited,operationally_weighted_ensemble,0,0.0,True,True,4128.535505779755,,,,False,results/working/static_dynamic_ranking_diagnostics.csv;results/working/rate_limiter_mechanism_audit.csv
M5,FOODS_3_252__CA_2,strict_frozen,ensemble_rate_cap,active,target_changed,simple_ensemble_rate_limited,operationally_weighted_ensemble,0,0.0,True,True,5432.337782986941,,,,False,results/working/static_dynamic_ranking_diagnostics.csv;results/working/rate_limiter_mechanism_audit.csv
M5,FOODS_3_252__CA_3,strict_frozen,ensemble_rate_cap,inactive,target_unchanged,operationally_weighted_ensemble,operationally_weighted_ensemble,1,0.0,True,True,4125.095695437974,,,,False,results/working/static_dynamic_ranking_diagnostics.csv;results/working/rate_limiter_mechanism_audit.csv
M5,FOODS_3_252__TX_1,strict_frozen,ensemble_rate_cap,active,target_changed,accuracy_first,accuracy_first,1,0.0,True,True,8460.720310636378,,,,False,results/working/static_dynamic_ranking_diagnostics.csv;results/working/rate_limiter_mechanism_audit.csv
M5,FOODS_3_252__TX_2,strict_frozen,ensemble_rate_cap,inactive,target_unchanged,operationally_weighted_ensemble,operationally_weighted_ensemble,1,0.0,True,True,6586.507072576981,,,,False,results/working/static_dynamic_ranking_diagnostics.csv;results/working/rate_limiter_mechanism_audit.csv
M5,FOODS_3_252__TX_3,strict_frozen,ensemble_rate_cap,active,target_changed,accuracy_first,accuracy_first,1,0.0,True,True,4772.668611438376,,,,False,results/working/static_dynamic_ranking_diagnostics.csv;results/working/rate_limiter_mechanism_audit.csv
M5,FOODS_3_252__WI_3,strict_frozen,ensemble_rate_cap,active,target_changed,accuracy_first,accuracy_first,1,0.0,True,True,3128.0492437574544,,,,False,results/working/static_dynamic_ranking_diagnostics.csv;results/working/rate_limiter_mechanism_audit.csv
M5,FOODS_3_281__CA_3,strict_frozen,ensemble_rate_cap,active,target_changed,accuracy_rate_limited,accuracy_first,0,0.0,True,True,9138.23238707986,,,,False,results/working/static_dynamic_ranking_diagnostics.csv;results/working/rate_limiter_mechanism_audit.csv
M5,FOODS_3_282__CA_3,strict_frozen,ensemble_rate_cap,inactive,target_unchanged,accuracy_first,accuracy_first,1,0.0,True,True,6158.976287296447,,,,False,results/working/static_dynamic_ranking_diagnostics.csv;results/working/rate_limiter_mechanism_audit.csv
M5,FOODS_3_288__CA_3,strict_frozen,ensemble_rate_cap,inactive,target_unchanged,operationally_weighted_ensemble,operationally_weighted_ensemble,1,0.0,True,True,4685.567343218845,,,,False,results/working/static_dynamic_ranking_diagnostics.csv;results/working/rate_limiter_mechanism_audit.csv
M5,FOODS_3_318__CA_3,strict_frozen,ensemble_rate_cap,active,target_changed,simple_ensemble_rate_limited,operationally_weighted_ensemble,0,0.0,True,True,4604.207302469702,,,,False,results/working/static_dynamic_ranking_diagnostics.csv;results/working/rate_limiter_mechanism_audit.csv
M5,FOODS_3_318__WI_3,strict_frozen,ensemble_rate_cap,active,target_changed,simple_ensemble_rate_limited,operationally_weighted_ensemble,0,0.0,True,True,8983.674432480906,,,,False,results/working/static_dynamic_ranking_diagnostics.csv;results/working/rate_limiter_mechanism_audit.csv
M5,FOODS_3_319__CA_3,strict_frozen,ensemble_rate_cap,active,target_changed,accuracy_rate_limited,operationally_weighted_ensemble,0,5.661426060469239,True,True,1329.7196134471478,,,,False,results/working/static_dynamic_ranking_diagnostics.csv;results/working/rate_limiter_mechanism_audit.csv
M5,FOODS_3_376__WI_2,strict_frozen,ensemble_rate_cap,active,target_changed,accuracy_rate_limited,accuracy_first,0,0.0,True,True,24838.129782749646,,,,False,results/working/static_dynamic_ranking_diagnostics.csv;results/working/rate_limiter_mechanism_audit.csv
M5,FOODS_3_377__TX_2,strict_frozen,ensemble_rate_cap,inactive,target_unchanged,operationally_weighted_ensemble,operationally_weighted_ensemble,1,0.0,True,True,1100.3241309422876,,,,False,results/working/static_dynamic_ranking_diagnostics.csv;results/working/rate_limiter_mechanism_audit.csv
M5,FOODS_3_377__TX_3,strict_frozen,ensemble_rate_cap,inactive,target_unchanged,operationally_weighted_ensemble,operationally_weighted_ensemble,1,0.0,True,True,1388.5031873961157,,,,False,results/working/static_dynamic_ranking_diagnostics.csv;results/working/rate_limiter_mechanism_audit.csv
M5,FOODS_3_412__WI_2,strict_frozen,ensemble_rate_cap,active,target_changed,simple_ensemble_rate_limited,operationally_weighted_ensemble,0,0.0,True,True,12100.769691539612,,,,False,results/working/static_dynamic_ranking_diagnostics.csv;results/working/rate_limiter_mechanism_audit.csv
M5,FOODS_3_462__WI_2,strict_frozen,ensemble_rate_cap,active,target_changed,accuracy_rate_limited,accuracy_first,0,0.0,True,True,4018.8938495808534,,,,False,results/working/static_dynamic_ranking_diagnostics.csv;results/working/rate_limiter_mechanism_audit.csv
M5,FOODS_3_501__CA_3,strict_frozen,ensemble_rate_cap,active,target_changed,simple_ensemble_rate_limited,operationally_weighted_ensemble,0,0.0,True,True,2242.9336333305505,,,,False,results/working/static_dynamic_ranking_diagnostics.csv;results/working/rate_limiter_mechanism_audit.csv
M5,FOODS_3_541__CA_1,strict_frozen,ensemble_rate_cap,active,target_changed,accuracy_first,accuracy_first,1,0.0,True,True,119.32331848687767,,,,False,results/working/static_dynamic_ranking_diagnostics.csv;results/working/rate_limiter_mechanism_audit.csv
M5,FOODS_3_541__CA_3,strict_frozen,ensemble_rate_cap,active,target_changed,accuracy_first,operationally_weighted_ensemble,0,870.0914059703579,False,True,1212.8782059617415,,,,False,results/working/static_dynamic_ranking_diagnostics.csv;results/working/rate_limiter_mechanism_audit.csv
M5,FOODS_3_547__WI_2,strict_frozen,ensemble_rate_cap,active,target_changed,simple_ensemble_rate_limited,simple_ensemble_rate_limited,1,0.0,True,False,4422.433764677305,,,,False,results/working/static_dynamic_ranking_diagnostics.csv;results/working/rate_limiter_mechanism_audit.csv
M5,FOODS_3_555__CA_1,strict_frozen,ensemble_rate_cap,inactive,target_unchanged,operationally_weighted_ensemble,operationally_weighted_ensemble,1,0.0,True,True,1338.2888153486238,,,,False,results/working/static_dynamic_ranking_diagnostics.csv;results/working/rate_limiter_mechanism_audit.csv
M5,FOODS_3_555__CA_3,strict_frozen,ensemble_rate_cap,inactive,target_unchanged,operationally_weighted_ensemble,operationally_weighted_ensemble,1,0.0,True,True,7030.000872993533,,,,False,results/working/static_dynamic_ranking_diagnostics.csv;results/working/rate_limiter_mechanism_audit.csv
M5,FOODS_3_555__TX_1,strict_frozen,ensemble_rate_cap,inactive,target_unchanged,operationally_weighted_ensemble,operationally_weighted_ensemble,1,0.0,True,True,6390.228472303867,,,,False,results/working/static_dynamic_ranking_diagnostics.csv;results/working/rate_limiter_mechanism_audit.csv
M5,FOODS_3_555__TX_2,strict_frozen,ensemble_rate_cap,inactive,target_unchanged,operationally_weighted_ensemble,operationally_weighted_ensemble,1,0.0,True,True,4858.649185355362,,,,False,results/working/static_dynamic_ranking_diagnostics.csv;results/working/rate_limiter_mechanism_audit.csv
M5,FOODS_3_555__TX_3,strict_frozen,ensemble_rate_cap,inactive,target_unchanged,operationally_weighted_ensemble,operationally_weighted_ensemble,1,0.0,True,True,2608.5467043332997,,,,False,results/working/static_dynamic_ranking_diagnostics.csv;results/working/rate_limiter_mechanism_audit.csv
M5,FOODS_3_555__WI_3,strict_frozen,ensemble_rate_cap,inactive,target_unchanged,operationally_weighted_ensemble,operationally_weighted_ensemble,1,0.0,True,True,2282.4101776842213,,,,False,results/working/static_dynamic_ranking_diagnostics.csv;results/working/rate_limiter_mechanism_audit.csv
M5,FOODS_3_586__CA_1,strict_frozen,ensemble_rate_cap,inactive,target_unchanged,accuracy_first,accuracy_first,1,0.0,True,True,4908.672235637026,,,,False,results/working/static_dynamic_ranking_diagnostics.csv;results/working/rate_limiter_mechanism_audit.csv
M5,FOODS_3_586__CA_2,strict_frozen,ensemble_rate_cap,inactive,target_unchanged,operationally_weighted_ensemble,operationally_weighted_ensemble,1,0.0,True,True,2941.7640414559246,,,,False,results/working/static_dynamic_ranking_diagnostics.csv;results/working/rate_limiter_mechanism_audit.csv
M5,FOODS_3_586__CA_3,strict_frozen,ensemble_rate_cap,inactive,target_unchanged,operationally_weighted_ensemble,operationally_weighted_ensemble,1,0.0,True,True,2730.632799510908,,,,False,results/working/static_dynamic_ranking_diagnostics.csv;results/working/rate_limiter_mechanism_audit.csv
M5,FOODS_3_586__TX_1,strict_frozen,ensemble_rate_cap,inactive,target_unchanged,operationally_weighted_ensemble,operationally_weighted_ensemble,1,0.0,True,True,5178.003789299175,,,,False,results/working/static_dynamic_ranking_diagnostics.csv;results/working/rate_limiter_mechanism_audit.csv
M5,FOODS_3_586__TX_2,strict_frozen,ensemble_rate_cap,inactive,target_unchanged,accuracy_first,accuracy_first,1,0.0,True,True,7923.194829432394,,,,False,results/working/static_dynamic_ranking_diagnostics.csv;results/working/rate_limiter_mechanism_audit.csv
M5,FOODS_3_586__TX_3,strict_frozen,ensemble_rate_cap,inactive,target_unchanged,accuracy_first,accuracy_first,1,0.0,True,True,4143.075787957093,,,,False,results/working/static_dynamic_ranking_diagnostics.csv;results/working/rate_limiter_mechanism_audit.csv
M5,FOODS_3_586__WI_3,strict_frozen,ensemble_rate_cap,inactive,target_unchanged,operationally_weighted_ensemble,operationally_weighted_ensemble,1,0.0,True,True,1718.4532552962792,,,,False,results/working/static_dynamic_ranking_diagnostics.csv;results/working/rate_limiter_mechanism_audit.csv
M5,FOODS_3_587__CA_1,strict_frozen,ensemble_rate_cap,inactive,target_unchanged,accuracy_first,operationally_weighted_ensemble,0,355.86458064830884,False,True,1257.962383072793,,,,True,results/working/static_dynamic_ranking_diagnostics.csv;results/working/rate_limiter_mechanism_audit.csv
M5,FOODS_3_587__CA_3,strict_frozen,ensemble_rate_cap,inactive,target_unchanged,operationally_weighted_ensemble,operationally_weighted_ensemble,1,0.0,True,True,2805.321809783292,,,,False,results/working/static_dynamic_ranking_diagnostics.csv;results/working/rate_limiter_mechanism_audit.csv
M5,FOODS_3_587__TX_1,strict_frozen,ensemble_rate_cap,inactive,target_unchanged,operationally_weighted_ensemble,operationally_weighted_ensemble,1,0.0,True,True,1368.78880939698,,,,False,results/working/static_dynamic_ranking_diagnostics.csv;results/working/rate_limiter_mechanism_audit.csv
M5,FOODS_3_587__TX_2,strict_frozen,ensemble_rate_cap,inactive,target_unchanged,operationally_weighted_ensemble,accuracy_first,0,11.056144128576307,True,True,2099.745315550992,,,,False,results/working/static_dynamic_ranking_diagnostics.csv;results/working/rate_limiter_mechanism_audit.csv
M5,FOODS_3_587__TX_3,strict_frozen,ensemble_rate_cap,inactive,target_unchanged,operationally_weighted_ensemble,operationally_weighted_ensemble,1,0.0,True,True,2502.3383409557077,,,,False,results/working/static_dynamic_ranking_diagnostics.csv;results/working/rate_limiter_mechanism_audit.csv
M5,FOODS_3_587__WI_3,strict_frozen,ensemble_rate_cap,inactive,target_unchanged,accuracy_first,accuracy_first,1,0.0,True,True,14779.337648848476,,,,False,results/working/static_dynamic_ranking_diagnostics.csv;results/working/rate_limiter_mechanism_audit.csv
M5,FOODS_3_607__CA_3,strict_frozen,ensemble_rate_cap,active,target_changed,accuracy_first,accuracy_first,1,0.0,True,True,4015.9172452221405,,,,False,results/working/static_dynamic_ranking_diagnostics.csv;results/working/rate_limiter_mechanism_audit.csv
M5,FOODS_3_635__CA_3,strict_frozen,ensemble_rate_cap,active,target_changed,accuracy_first,operationally_weighted_ensemble,0,215.36463009656063,False,True,2353.1281242812165,,,,False,results/working/static_dynamic_ranking_diagnostics.csv;results/working/rate_limiter_mechanism_audit.csv
M5,FOODS_3_681__CA_3,strict_frozen,ensemble_rate_cap,active,target_changed,operationally_weighted_ensemble,operationally_weighted_ensemble,1,0.0,True,True,3374.9032945913746,,,,False,results/working/static_dynamic_ranking_diagnostics.csv;results/working/rate_limiter_mechanism_audit.csv
M5,FOODS_3_681__WI_3,strict_frozen,ensemble_rate_cap,active,target_changed,simple_ensemble_rate_limited,operationally_weighted_ensemble,0,0.0,True,True,14550.358304953557,,,,False,results/working/static_dynamic_ranking_diagnostics.csv;results/working/rate_limiter_mechanism_audit.csv
M5,FOODS_3_694__CA_3,strict_frozen,ensemble_rate_cap,inactive,target_unchanged,operationally_weighted_ensemble,operationally_weighted_ensemble,1,0.0,True,True,3865.19693877695,,,,False,results/working/static_dynamic_ranking_diagnostics.csv;results/working/rate_limiter_mechanism_audit.csv
M5,FOODS_3_694__WI_1,strict_frozen,ensemble_rate_cap,inactive,target_unchanged,operationally_weighted_ensemble,accuracy_first,0,264.6197817162915,False,True,3673.9363087810643,,,,True,results/working/static_dynamic_ranking_diagnostics.csv;results/working/rate_limiter_mechanism_audit.csv
M5,FOODS_3_694__WI_2,strict_frozen,ensemble_rate_cap,inactive,target_unchanged,operationally_weighted_ensemble,operationally_weighted_ensemble,1,0.0,True,True,1822.10806402677,,,,False,results/working/static_dynamic_ranking_diagnostics.csv;results/working/rate_limiter_mechanism_audit.csv
M5,FOODS_3_694__WI_3,strict_frozen,ensemble_rate_cap,inactive,target_unchanged,operationally_weighted_ensemble,operationally_weighted_ensemble,1,0.0,True,True,2575.065308324023,,,,False,results/working/static_dynamic_ranking_diagnostics.csv;results/working/rate_limiter_mechanism_audit.csv
M5,FOODS_3_711__CA_3,strict_frozen,ensemble_rate_cap,active,target_changed,simple_ensemble_rate_limited,accuracy_first,0,93.57814592893624,False,False,1613.4034627048925,,,,False,results/working/static_dynamic_ranking_diagnostics.csv;results/working/rate_limiter_mechanism_audit.csv
M5,FOODS_3_711__WI_2,strict_frozen,ensemble_rate_cap,active,target_changed,accuracy_rate_limited,operationally_weighted_ensemble,0,39.900806747653405,False,False,3038.8346592423122,,,,False,results/working/static_dynamic_ranking_diagnostics.csv;results/working/rate_limiter_mechanism_audit.csv
M5,FOODS_3_714__CA_1,strict_frozen,ensemble_rate_cap,active,target_changed,simple_ensemble_rate_limited,operationally_weighted_ensemble,0,0.0,True,True,7691.905302417216,,,,False,results/working/static_dynamic_ranking_diagnostics.csv;results/working/rate_limiter_mechanism_audit.csv
M5,FOODS_3_714__CA_3,strict_frozen,ensemble_rate_cap,active,target_changed,simple_ensemble_rate_limited,operationally_weighted_ensemble,0,0.0,True,True,2211.0635675354797,,,,False,results/working/static_dynamic_ranking_diagnostics.csv;results/working/rate_limiter_mechanism_audit.csv
M5,FOODS_3_714__TX_1,strict_frozen,ensemble_rate_cap,inactive,target_unchanged,operationally_weighted_ensemble,operationally_weighted_ensemble,1,0.0,True,True,2077.613852430292,,,,False,results/working/static_dynamic_ranking_diagnostics.csv;results/working/rate_limiter_mechanism_audit.csv
M5,FOODS_3_714__TX_2,strict_frozen,ensemble_rate_cap,active,target_changed,simple_ensemble_rate_limited,operationally_weighted_ensemble,0,0.0,True,True,1371.6980551521117,,,,False,results/working/static_dynamic_ranking_diagnostics.csv;results/working/rate_limiter_mechanism_audit.csv
M5,FOODS_3_714__TX_3,strict_frozen,ensemble_rate_cap,active,target_changed,simple_ensemble_rate_limited,operationally_weighted_ensemble,0,0.0,True,True,2681.1163102833134,,,,False,results/working/static_dynamic_ranking_diagnostics.csv;results/working/rate_limiter_mechanism_audit.csv
M5,FOODS_3_714__WI_3,strict_frozen,ensemble_rate_cap,active,target_changed,simple_ensemble_rate_limited,accuracy_first,0,206.68973303409572,False,False,1846.451315623347,,,,False,results/working/static_dynamic_ranking_diagnostics.csv;results/working/rate_limiter_mechanism_audit.csv
M5,FOODS_3_723__CA_3,strict_frozen,ensemble_rate_cap,active,target_changed,simple_ensemble_rate_limited,operationally_weighted_ensemble,0,0.0,True,True,6192.395323555355,,,,False,results/working/static_dynamic_ranking_diagnostics.csv;results/working/rate_limiter_mechanism_audit.csv
M5,FOODS_3_723__WI_3,strict_frozen,ensemble_rate_cap,active,target_changed,accuracy_first,accuracy_first,1,0.0,True,True,4314.749143651931,,,,False,results/working/static_dynamic_ranking_diagnostics.csv;results/working/rate_limiter_mechanism_audit.csv
M5,FOODS_3_752__CA_3,strict_frozen,ensemble_rate_cap,active,target_changed,simple_ensemble_rate_limited,operationally_weighted_ensemble,0,0.0,True,True,5718.84527515513,,,,False,results/working/static_dynamic_ranking_diagnostics.csv;results/working/rate_limiter_mechanism_audit.csv
M5,FOODS_3_804__CA_3,strict_frozen,ensemble_rate_cap,active,target_changed,accuracy_rate_limited,accuracy_first,0,0.0,True,False,3611.615169830392,,,,False,results/working/static_dynamic_ranking_diagnostics.csv;results/working/rate_limiter_mechanism_audit.csv
M5,FOODS_3_808__CA_1,strict_frozen,ensemble_rate_cap,active,target_changed,accuracy_rate_limited,accuracy_first,0,0.0,True,True,871.709401683021,,,,False,results/working/static_dynamic_ranking_diagnostics.csv;results/working/rate_limiter_mechanism_audit.csv
M5,FOODS_3_808__CA_3,strict_frozen,ensemble_rate_cap,active,target_changed,accuracy_rate_limited,operationally_weighted_ensemble,0,753.3323062898758,False,True,2343.4159565487907,,,,False,results/working/static_dynamic_ranking_diagnostics.csv;results/working/rate_limiter_mechanism_audit.csv
M5,HOUSEHOLD_1_118__CA_3,strict_frozen,ensemble_rate_cap,active,target_changed,simple_ensemble_rate_limited,operationally_weighted_ensemble,0,9.0371984978392,True,False,3255.8949117117163,,,,False,results/working/static_dynamic_ranking_diagnostics.csv;results/working/rate_limiter_mechanism_audit.csv
M5,HOUSEHOLD_1_334__CA_3,strict_frozen,ensemble_rate_cap,active,target_changed,simple_ensemble_rate_limited,operationally_weighted_ensemble,0,0.0,True,True,10955.16214215661,,,,False,results/working/static_dynamic_ranking_diagnostics.csv;results/working/rate_limiter_mechanism_audit.csv
M5,HOUSEHOLD_1_459__CA_3,strict_frozen,ensemble_rate_cap,inactive,target_unchanged,operationally_weighted_ensemble,accuracy_first,0,271.0268788918638,False,True,7380.210889337141,,,,True,results/working/static_dynamic_ranking_diagnostics.csv;results/working/rate_limiter_mechanism_audit.csv
Walmart,store_001__dept_038,strict_frozen,ensemble_rate_cap,inactive,target_unchanged,simple_ensemble,simple_ensemble,1,0.0,True,True,363984.48845868354,,,,False,results/working/static_dynamic_ranking_diagnostics.csv;results/working/rate_limiter_mechanism_audit.csv
Walmart,store_001__dept_090,strict_frozen,ensemble_rate_cap,inactive,target_unchanged,simple_ensemble,simple_ensemble,1,0.0,True,True,649459.5878346612,,,,False,results/working/static_dynamic_ranking_diagnostics.csv;results/working/rate_limiter_mechanism_audit.csv
Walmart,store_001__dept_092,strict_frozen,ensemble_rate_cap,inactive,target_unchanged,accuracy_first,accuracy_first,1,0.0,True,True,904227.4559077836,,,,False,results/working/static_dynamic_ranking_diagnostics.csv;results/working/rate_limiter_mechanism_audit.csv
Walmart,store_001__dept_095,strict_frozen,ensemble_rate_cap,inactive,target_unchanged,accuracy_first,accuracy_first,1,0.0,True,True,681358.9616722574,,,,False,results/working/static_dynamic_ranking_diagnostics.csv;results/working/rate_limiter_mechanism_audit.csv
Walmart,store_001__dept_098,strict_frozen,ensemble_rate_cap,inactive,target_unchanged,accuracy_first,accuracy_first,1,0.0,True,True,125643.96356695109,,,,False,results/working/static_dynamic_ranking_diagnostics.csv;results/working/rate_limiter_mechanism_audit.csv
Walmart,store_002__dept_038,strict_frozen,ensemble_rate_cap,inactive,target_unchanged,simple_ensemble,simple_ensemble,1,0.0,True,True,446871.61936860037,,,,False,results/working/static_dynamic_ranking_diagnostics.csv;results/working/rate_limiter_mechanism_audit.csv
Walmart,store_002__dept_090,strict_frozen,ensemble_rate_cap,inactive,target_unchanged,operationally_weighted_ensemble,operationally_weighted_ensemble,1,0.0,True,True,708555.0411533696,,,,False,results/working/static_dynamic_ranking_diagnostics.csv;results/working/rate_limiter_mechanism_audit.csv
Walmart,store_002__dept_091,strict_frozen,ensemble_rate_cap,inactive,target_unchanged,accuracy_first,accuracy_first,1,0.0,True,True,383602.01476675214,,,,False,results/working/static_dynamic_ranking_diagnostics.csv;results/working/rate_limiter_mechanism_audit.csv
Walmart,store_002__dept_092,strict_frozen,ensemble_rate_cap,inactive,target_unchanged,accuracy_first,simple_ensemble,0,17156.300163408276,False,True,1528675.076956186,,,,True,results/working/static_dynamic_ranking_diagnostics.csv;results/working/rate_limiter_mechanism_audit.csv
Walmart,store_002__dept_095,strict_frozen,ensemble_rate_cap,inactive,target_unchanged,accuracy_first,operationally_weighted_ensemble,0,55394.97562780905,False,True,871949.5389254717,,,,True,results/working/static_dynamic_ranking_diagnostics.csv;results/working/rate_limiter_mechanism_audit.csv
Walmart,store_003__dept_014,strict_frozen,ensemble_rate_cap,inactive,target_unchanged,operationally_weighted_ensemble,accuracy_first,0,1789.09407413398,False,True,34578.586338226996,,,,True,results/working/static_dynamic_ranking_diagnostics.csv;results/working/rate_limiter_mechanism_audit.csv
Walmart,store_003__dept_038,strict_frozen,ensemble_rate_cap,inactive,target_unchanged,simple_ensemble,accuracy_first,0,12662.943448813747,False,True,698289.8397146949,,,,True,results/working/static_dynamic_ranking_diagnostics.csv;results/working/rate_limiter_mechanism_audit.csv
Walmart,store_004__dept_002,strict_frozen,ensemble_rate_cap,inactive,target_unchanged,operationally_weighted_ensemble,operationally_weighted_ensemble,1,0.0,True,True,793036.4889783909,,,,False,results/working/static_dynamic_ranking_diagnostics.csv;results/working/rate_limiter_mechanism_audit.csv
Walmart,store_004__dept_038,strict_frozen,ensemble_rate_cap,inactive,target_unchanged,simple_ensemble,simple_ensemble,1,0.0,True,True,372670.42704196315,,,,False,results/working/static_dynamic_ranking_diagnostics.csv;results/working/rate_limiter_mechanism_audit.csv
Walmart,store_004__dept_072,strict_frozen,ensemble_rate_cap,inactive,target_unchanged,accuracy_first,operationally_weighted_ensemble,0,72527.73878438771,False,True,1981038.651544375,,,,True,results/working/static_dynamic_ranking_diagnostics.csv;results/working/rate_limiter_mechanism_audit.csv
Walmart,store_004__dept_090,strict_frozen,ensemble_rate_cap,inactive,target_unchanged,accuracy_first,accuracy_first,1,0.0,True,True,559745.140072247,,,,False,results/working/static_dynamic_ranking_diagnostics.csv;results/working/rate_limiter_mechanism_audit.csv
Walmart,store_004__dept_092,strict_frozen,ensemble_rate_cap,inactive,target_unchanged,simple_ensemble,simple_ensemble,1,0.0,True,True,1444672.4610947773,,,,False,results/working/static_dynamic_ranking_diagnostics.csv;results/working/rate_limiter_mechanism_audit.csv
Walmart,store_004__dept_095,strict_frozen,ensemble_rate_cap,inactive,target_unchanged,simple_ensemble,simple_ensemble,1,0.0,True,True,1259907.515480901,,,,False,results/working/static_dynamic_ranking_diagnostics.csv;results/working/rate_limiter_mechanism_audit.csv
Walmart,store_006__dept_016,strict_frozen,ensemble_rate_cap,inactive,target_unchanged,simple_ensemble,accuracy_first,0,68728.01187602412,False,True,445574.3139354034,,,,True,results/working/static_dynamic_ranking_diagnostics.csv;results/working/rate_limiter_mechanism_audit.csv
Walmart,store_006__dept_038,strict_frozen,ensemble_rate_cap,inactive,target_unchanged,accuracy_first,accuracy_first,1,0.0,True,True,520938.80889698345,,,,False,results/working/static_dynamic_ranking_diagnostics.csv;results/working/rate_limiter_mechanism_audit.csv
Walmart,store_006__dept_072,strict_frozen,ensemble_rate_cap,inactive,target_unchanged,operationally_weighted_ensemble,operationally_weighted_ensemble,1,0.0,True,True,446066.09183110093,,,,False,results/working/static_dynamic_ranking_diagnostics.csv;results/working/rate_limiter_mechanism_audit.csv
Walmart,store_006__dept_092,strict_frozen,ensemble_rate_cap,inactive,target_unchanged,accuracy_first,accuracy_first,1,0.0,True,True,551244.0035698768,,,,False,results/working/static_dynamic_ranking_diagnostics.csv;results/working/rate_limiter_mechanism_audit.csv
Walmart,store_006__dept_095,strict_frozen,ensemble_rate_cap,inactive,target_unchanged,operationally_weighted_ensemble,operationally_weighted_ensemble,1,0.0,True,True,753694.4106649369,,,,False,results/working/static_dynamic_ranking_diagnostics.csv;results/working/rate_limiter_mechanism_audit.csv
Walmart,store_009__dept_003,strict_frozen,ensemble_rate_cap,active,target_changed,accuracy_rate_limited,accuracy_first,0,0.0,True,True,3226169.4551906767,,,,False,results/working/static_dynamic_ranking_diagnostics.csv;results/working/rate_limiter_mechanism_audit.csv
Walmart,store_009__dept_005,strict_frozen,ensemble_rate_cap,inactive,target_unchanged,simple_ensemble,simple_ensemble,1,0.0,True,True,951018.5228099084,,,,False,results/working/static_dynamic_ranking_diagnostics.csv;results/working/rate_limiter_mechanism_audit.csv
Walmart,store_009__dept_033,strict_frozen,ensemble_rate_cap,inactive,target_unchanged,accuracy_first,accuracy_first,1,0.0,True,True,100327.00421071662,,,,False,results/working/static_dynamic_ranking_diagnostics.csv;results/working/rate_limiter_mechanism_audit.csv
Walmart,store_009__dept_038,strict_frozen,ensemble_rate_cap,inactive,target_unchanged,simple_ensemble,accuracy_first,0,153439.8491219657,False,True,654932.9459240389,,,,True,results/working/static_dynamic_ranking_diagnostics.csv;results/working/rate_limiter_mechanism_audit.csv
Walmart,store_010__dept_002,strict_frozen,ensemble_rate_cap,inactive,target_unchanged,simple_ensemble,simple_ensemble,1,0.0,True,True,471201.17878147366,,,,False,results/working/static_dynamic_ranking_diagnostics.csv;results/working/rate_limiter_mechanism_audit.csv
Walmart,store_010__dept_008,strict_frozen,ensemble_rate_cap,inactive,target_unchanged,operationally_weighted_ensemble,simple_ensemble,0,1.1641532182693479e-10,True,True,432387.3766498484,,,,False,results/working/static_dynamic_ranking_diagnostics.csv;results/working/rate_limiter_mechanism_audit.csv
Walmart,store_010__dept_038,strict_frozen,ensemble_rate_cap,inactive,target_unchanged,accuracy_first,accuracy_first,1,0.0,True,True,673185.4196873254,,,,False,results/working/static_dynamic_ranking_diagnostics.csv;results/working/rate_limiter_mechanism_audit.csv
Walmart,store_010__dept_040,strict_frozen,ensemble_rate_cap,inactive,target_unchanged,accuracy_first,accuracy_first,1,0.0,True,True,687007.4485929337,,,,False,results/working/static_dynamic_ranking_diagnostics.csv;results/working/rate_limiter_mechanism_audit.csv
Walmart,store_010__dept_072,strict_frozen,ensemble_rate_cap,inactive,target_unchanged,operationally_weighted_ensemble,operationally_weighted_ensemble,1,0.0,True,True,1344372.7355874837,,,,False,results/working/static_dynamic_ranking_diagnostics.csv;results/working/rate_limiter_mechanism_audit.csv
Walmart,store_013__dept_038,strict_frozen,ensemble_rate_cap,inactive,target_unchanged,simple_ensemble,simple_ensemble,1,0.0,True,True,401615.8834291686,,,,False,results/working/static_dynamic_ranking_diagnostics.csv;results/working/rate_limiter_mechanism_audit.csv
Walmart,store_013__dept_090,strict_frozen,ensemble_rate_cap,inactive,target_unchanged,operationally_weighted_ensemble,accuracy_first,0,70407.47194894147,False,True,1071016.004972393,,,,True,results/working/static_dynamic_ranking_diagnostics.csv;results/working/rate_limiter_mechanism_audit.csv
Walmart,store_013__dept_091,strict_frozen,ensemble_rate_cap,inactive,target_unchanged,accuracy_first,accuracy_first,1,0.0,True,True,400569.28227001603,,,,False,results/working/static_dynamic_ranking_diagnostics.csv;results/working/rate_limiter_mechanism_audit.csv
Walmart,store_013__dept_092,strict_frozen,ensemble_rate_cap,inactive,target_unchanged,operationally_weighted_ensemble,simple_ensemble,0,6.984919309616089e-10,True,True,1374914.7882636483,,,,False,results/working/static_dynamic_ranking_diagnostics.csv;results/working/rate_limiter_mechanism_audit.csv
Walmart,store_013__dept_095,strict_frozen,ensemble_rate_cap,inactive,target_unchanged,operationally_weighted_ensemble,simple_ensemble,0,4.656612873077394e-10,True,True,1398157.67687914,,,,False,results/working/static_dynamic_ranking_diagnostics.csv;results/working/rate_limiter_mechanism_audit.csv
Walmart,store_014__dept_002,strict_frozen,ensemble_rate_cap,inactive,target_unchanged,simple_ensemble,simple_ensemble,1,0.0,True,True,523022.41288583557,,,,False,results/working/static_dynamic_ranking_diagnostics.csv;results/working/rate_limiter_mechanism_audit.csv
Walmart,store_014__dept_038,strict_frozen,ensemble_rate_cap,inactive,target_unchanged,accuracy_first,accuracy_first,1,0.0,True,True,650929.9164573677,,,,False,results/working/static_dynamic_ranking_diagnostics.csv;results/working/rate_limiter_mechanism_audit.csv
Walmart,store_014__dept_046,strict_frozen,ensemble_rate_cap,inactive,target_unchanged,accuracy_first,accuracy_first,1,0.0,True,True,221292.8511964561,,,,False,results/working/static_dynamic_ranking_diagnostics.csv;results/working/rate_limiter_mechanism_audit.csv
Walmart,store_014__dept_072,strict_frozen,ensemble_rate_cap,inactive,target_unchanged,accuracy_first,accuracy_first,1,0.0,True,True,595090.0589817032,,,,False,results/working/static_dynamic_ranking_diagnostics.csv;results/working/rate_limiter_mechanism_audit.csv
Walmart,store_014__dept_090,strict_frozen,ensemble_rate_cap,inactive,target_unchanged,operationally_weighted_ensemble,operationally_weighted_ensemble,1,0.0,True,True,1027059.9981775398,,,,False,results/working/static_dynamic_ranking_diagnostics.csv;results/working/rate_limiter_mechanism_audit.csv
Walmart,store_014__dept_091,strict_frozen,ensemble_rate_cap,inactive,target_unchanged,operationally_weighted_ensemble,simple_ensemble,0,2.910383045673371e-10,True,True,445039.868259667,,,,False,results/working/static_dynamic_ranking_diagnostics.csv;results/working/rate_limiter_mechanism_audit.csv
Walmart,store_014__dept_092,strict_frozen,ensemble_rate_cap,inactive,target_unchanged,operationally_weighted_ensemble,operationally_weighted_ensemble,1,0.0,True,True,1210187.311989612,,,,False,results/working/static_dynamic_ranking_diagnostics.csv;results/working/rate_limiter_mechanism_audit.csv
Walmart,store_014__dept_095,strict_frozen,ensemble_rate_cap,inactive,target_unchanged,operationally_weighted_ensemble,simple_ensemble,0,4.656612873077394e-10,True,True,1412131.3433889109,,,,False,results/working/static_dynamic_ranking_diagnostics.csv;results/working/rate_limiter_mechanism_audit.csv
Walmart,store_015__dept_026,strict_frozen,ensemble_rate_cap,inactive,target_unchanged,operationally_weighted_ensemble,accuracy_first,0,10397.432621748361,False,True,434160.9945834316,,,,True,results/working/static_dynamic_ranking_diagnostics.csv;results/working/rate_limiter_mechanism_audit.csv
Walmart,store_016__dept_096,strict_frozen,ensemble_rate_cap,inactive,target_unchanged,operationally_weighted_ensemble,simple_ensemble,0,3.1832314562052484e-12,True,True,3131.6575103869636,,,,False,results/working/static_dynamic_ranking_diagnostics.csv;results/working/rate_limiter_mechanism_audit.csv
Walmart,store_019__dept_092,strict_frozen,ensemble_rate_cap,inactive,target_unchanged,operationally_weighted_ensemble,operationally_weighted_ensemble,1,0.0,True,True,1671408.8389036984,,,,False,results/working/static_dynamic_ranking_diagnostics.csv;results/working/rate_limiter_mechanism_audit.csv
Walmart,store_019__dept_095,strict_frozen,ensemble_rate_cap,inactive,target_unchanged,simple_ensemble,operationally_weighted_ensemble,0,2.3283064365386963e-10,True,True,1917738.7571196589,,,,False,results/working/static_dynamic_ranking_diagnostics.csv;results/working/rate_limiter_mechanism_audit.csv
Walmart,store_020__dept_038,strict_frozen,ensemble_rate_cap,inactive,target_unchanged,accuracy_first,simple_ensemble,0,40032.63141536608,False,True,685880.1269839305,,,,True,results/working/static_dynamic_ranking_diagnostics.csv;results/working/rate_limiter_mechanism_audit.csv
Walmart,store_020__dept_040,strict_frozen,ensemble_rate_cap,inactive,target_unchanged,simple_ensemble,simple_ensemble,1,0.0,True,True,501042.7354949946,,,,False,results/working/static_dynamic_ranking_diagnostics.csv;results/working/rate_limiter_mechanism_audit.csv
Walmart,store_020__dept_072,strict_frozen,ensemble_rate_cap,inactive,target_unchanged,accuracy_first,accuracy_first,1,0.0,True,True,6467192.615090308,,,,False,results/working/static_dynamic_ranking_diagnostics.csv;results/working/rate_limiter_mechanism_audit.csv
Walmart,store_020__dept_083,strict_frozen,ensemble_rate_cap,inactive,target_unchanged,operationally_weighted_ensemble,accuracy_first,0,544.2523406238979,False,True,39326.88990680864,,,,True,results/working/static_dynamic_ranking_diagnostics.csv;results/working/rate_limiter_mechanism_audit.csv
Walmart,store_020__dept_090,strict_frozen,ensemble_rate_cap,inactive,target_unchanged,accuracy_first,accuracy_first,1,0.0,True,True,696121.6487458308,,,,False,results/working/static_dynamic_ranking_diagnostics.csv;results/working/rate_limiter_mechanism_audit.csv
Walmart,store_020__dept_092,strict_frozen,ensemble_rate_cap,inactive,target_unchanged,accuracy_first,accuracy_first,1,0.0,True,True,962503.0507597142,,,,False,results/working/static_dynamic_ranking_diagnostics.csv;results/working/rate_limiter_mechanism_audit.csv
Walmart,store_020__dept_095,strict_frozen,ensemble_rate_cap,inactive,target_unchanged,accuracy_first,accuracy_first,1,0.0,True,True,1105920.137356016,,,,False,results/working/static_dynamic_ranking_diagnostics.csv;results/working/rate_limiter_mechanism_audit.csv
Walmart,store_022__dept_059,strict_frozen,ensemble_rate_cap,inactive,target_unchanged,accuracy_first,accuracy_first,1,0.0,True,True,2375.4613052911427,,,,False,results/working/static_dynamic_ranking_diagnostics.csv;results/working/rate_limiter_mechanism_audit.csv
Walmart,store_023__dept_032,strict_frozen,ensemble_rate_cap,inactive,target_unchanged,accuracy_first,accuracy_first,1,0.0,True,True,77718.73156323754,,,,False,results/working/static_dynamic_ranking_diagnostics.csv;results/working/rate_limiter_mechanism_audit.csv
Walmart,store_023__dept_072,strict_frozen,ensemble_rate_cap,inactive,target_unchanged,operationally_weighted_ensemble,accuracy_first,0,566444.8094939678,False,True,2296090.03083159,,,,True,results/working/static_dynamic_ranking_diagnostics.csv;results/working/rate_limiter_mechanism_audit.csv
Walmart,store_024__dept_018,strict_frozen,ensemble_rate_cap,active,target_changed,simple_ensemble_rate_limited,accuracy_first,0,26354.994837957085,False,False,904241.579564792,,,,False,results/working/static_dynamic_ranking_diagnostics.csv;results/working/rate_limiter_mechanism_audit.csv
Walmart,store_024__dept_040,strict_frozen,ensemble_rate_cap,inactive,target_unchanged,simple_ensemble,operationally_weighted_ensemble,0,2.9103830456733704e-11,True,True,254703.61827860397,,,,False,results/working/static_dynamic_ranking_diagnostics.csv;results/working/rate_limiter_mechanism_audit.csv
Walmart,store_024__dept_092,strict_frozen,ensemble_rate_cap,inactive,target_unchanged,accuracy_first,simple_ensemble,0,135619.10000047146,False,True,1011803.0152478829,,,,True,results/working/static_dynamic_ranking_diagnostics.csv;results/working/rate_limiter_mechanism_audit.csv
Walmart,store_024__dept_095,strict_frozen,ensemble_rate_cap,inactive,target_unchanged,accuracy_first,accuracy_first,1,0.0,True,True,593450.2936983842,,,,False,results/working/static_dynamic_ranking_diagnostics.csv;results/working/rate_limiter_mechanism_audit.csv
Walmart,store_025__dept_018,strict_frozen,ensemble_rate_cap,active,target_changed,simple_ensemble_rate_limited,accuracy_first,0,59368.2710477215,False,True,879584.8007468437,,,,False,results/working/static_dynamic_ranking_diagnostics.csv;results/working/rate_limiter_mechanism_audit.csv
Walmart,store_026__dept_024,strict_frozen,ensemble_rate_cap,inactive,target_unchanged,accuracy_rate_limited,accuracy_first,0,0.0,True,True,450266.83149542497,,,,False,results/working/static_dynamic_ranking_diagnostics.csv;results/working/rate_limiter_mechanism_audit.csv
Walmart,store_026__dept_036,strict_frozen,ensemble_rate_cap,active,target_changed,simple_ensemble_rate_limited,accuracy_first,0,2659.8536561198707,False,True,64849.28500332855,,,,False,results/working/static_dynamic_ranking_diagnostics.csv;results/working/rate_limiter_mechanism_audit.csv
Walmart,store_026__dept_038,strict_frozen,ensemble_rate_cap,inactive,target_unchanged,operationally_weighted_ensemble,simple_ensemble,0,1.1641532182693479e-10,True,True,816275.3761478954,,,,False,results/working/static_dynamic_ranking_diagnostics.csv;results/working/rate_limiter_mechanism_audit.csv
Walmart,store_026__dept_092,strict_frozen,ensemble_rate_cap,inactive,target_unchanged,accuracy_first,accuracy_first,1,0.0,True,True,686866.8511534475,,,,False,results/working/static_dynamic_ranking_diagnostics.csv;results/working/rate_limiter_mechanism_audit.csv
Walmart,store_027__dept_071,strict_frozen,ensemble_rate_cap,inactive,target_unchanged,accuracy_first,accuracy_first,1,0.0,True,True,132120.96894939567,,,,False,results/working/static_dynamic_ranking_diagnostics.csv;results/working/rate_limiter_mechanism_audit.csv
Walmart,store_027__dept_090,strict_frozen,ensemble_rate_cap,inactive,target_unchanged,operationally_weighted_ensemble,simple_ensemble,0,2.3283064365386963e-10,True,True,1042391.7574177845,,,,False,results/working/static_dynamic_ranking_diagnostics.csv;results/working/rate_limiter_mechanism_audit.csv
Walmart,store_027__dept_092,strict_frozen,ensemble_rate_cap,inactive,target_unchanged,simple_ensemble,simple_ensemble,1,0.0,True,True,2213505.64539326,,,,False,results/working/static_dynamic_ranking_diagnostics.csv;results/working/rate_limiter_mechanism_audit.csv
Walmart,store_027__dept_095,strict_frozen,ensemble_rate_cap,inactive,target_unchanged,accuracy_first,accuracy_first,1,0.0,True,True,1070892.805519317,,,,False,results/working/static_dynamic_ranking_diagnostics.csv;results/working/rate_limiter_mechanism_audit.csv
Walmart,store_028__dept_092,strict_frozen,ensemble_rate_cap,inactive,target_unchanged,accuracy_first,operationally_weighted_ensemble,0,196388.3426000997,False,True,1247363.8455209245,,,,True,results/working/static_dynamic_ranking_diagnostics.csv;results/working/rate_limiter_mechanism_audit.csv
Walmart,store_028__dept_095,strict_frozen,ensemble_rate_cap,inactive,target_unchanged,operationally_weighted_ensemble,operationally_weighted_ensemble,1,0.0,True,True,601593.7442181903,,,,False,results/working/static_dynamic_ranking_diagnostics.csv;results/working/rate_limiter_mechanism_audit.csv
Walmart,store_029__dept_027,strict_frozen,ensemble_rate_cap,inactive,target_unchanged,simple_ensemble,simple_ensemble,1,0.0,True,True,32550.51899670634,,,,False,results/working/static_dynamic_ranking_diagnostics.csv;results/working/rate_limiter_mechanism_audit.csv
Walmart,store_030__dept_083,strict_frozen,ensemble_rate_cap,inactive,target_unchanged,operationally_weighted_ensemble,accuracy_first,0,21.84048225661354,True,True,10913.464178082315,,,,False,results/working/static_dynamic_ranking_diagnostics.csv;results/working/rate_limiter_mechanism_audit.csv
Walmart,store_031__dept_038,strict_frozen,ensemble_rate_cap,inactive,target_unchanged,simple_ensemble,accuracy_first,0,29296.18408017897,False,True,543896.5374445656,,,,True,results/working/static_dynamic_ranking_diagnostics.csv;results/working/rate_limiter_mechanism_audit.csv
Walmart,store_031__dept_046,strict_frozen,ensemble_rate_cap,inactive,target_unchanged,accuracy_first,accuracy_first,1,0.0,True,True,158023.1795656546,,,,False,results/working/static_dynamic_ranking_diagnostics.csv;results/working/rate_limiter_mechanism_audit.csv
Walmart,store_031__dept_079,strict_frozen,ensemble_rate_cap,inactive,target_unchanged,accuracy_first,operationally_weighted_ensemble,0,57894.15110636331,False,True,256213.49971537743,,,,True,results/working/static_dynamic_ranking_diagnostics.csv;results/working/rate_limiter_mechanism_audit.csv
Walmart,store_031__dept_090,strict_frozen,ensemble_rate_cap,inactive,target_unchanged,accuracy_first,accuracy_first,1,0.0,True,True,472670.16056325275,,,,False,results/working/static_dynamic_ranking_diagnostics.csv;results/working/rate_limiter_mechanism_audit.csv
Walmart,store_031__dept_092,strict_frozen,ensemble_rate_cap,inactive,target_unchanged,accuracy_first,accuracy_first,1,0.0,True,True,855725.608875239,,,,False,results/working/static_dynamic_ranking_diagnostics.csv;results/working/rate_limiter_mechanism_audit.csv
Walmart,store_031__dept_095,strict_frozen,ensemble_rate_cap,inactive,target_unchanged,accuracy_first,simple_ensemble,0,6395.460543516325,True,True,700863.472892689,,,,False,results/working/static_dynamic_ranking_diagnostics.csv;results/working/rate_limiter_mechanism_audit.csv
Walmart,store_032__dept_092,strict_frozen,ensemble_rate_cap,inactive,target_unchanged,operationally_weighted_ensemble,operationally_weighted_ensemble,1,0.0,True,True,1008834.3617791275,,,,False,results/working/static_dynamic_ranking_diagnostics.csv;results/working/rate_limiter_mechanism_audit.csv
Walmart,store_032__dept_095,strict_frozen,ensemble_rate_cap,inactive,target_unchanged,operationally_weighted_ensemble,operationally_weighted_ensemble,1,0.0,True,True,693320.8391040011,,,,False,results/working/static_dynamic_ranking_diagnostics.csv;results/working/rate_limiter_mechanism_audit.csv
Walmart,store_033__dept_094,strict_frozen,ensemble_rate_cap,inactive,target_unchanged,operationally_weighted_ensemble,operationally_weighted_ensemble,1,0.0,True,True,145424.44216727195,,,,False,results/working/static_dynamic_ranking_diagnostics.csv;results/working/rate_limiter_mechanism_audit.csv
Walmart,store_035__dept_072,strict_frozen,ensemble_rate_cap,inactive,target_unchanged,accuracy_first,accuracy_first,1,0.0,True,True,1284541.9640792508,,,,False,results/working/static_dynamic_ranking_diagnostics.csv;results/working/rate_limiter_mechanism_audit.csv
Walmart,store_036__dept_087,strict_frozen,ensemble_rate_cap,active,target_changed,accuracy_rate_limited,accuracy_first,0,0.0,True,True,3004.4204458417194,,,,False,results/working/static_dynamic_ranking_diagnostics.csv;results/working/rate_limiter_mechanism_audit.csv
Walmart,store_038__dept_002,strict_frozen,ensemble_rate_cap,inactive,target_unchanged,operationally_weighted_ensemble,simple_ensemble,0,1.4551915228366852e-11,True,True,62079.60177238218,,,,False,results/working/static_dynamic_ranking_diagnostics.csv;results/working/rate_limiter_mechanism_audit.csv
Walmart,store_039__dept_092,strict_frozen,ensemble_rate_cap,inactive,target_unchanged,accuracy_first,accuracy_first,1,0.0,True,True,1107295.5799296934,,,,False,results/working/static_dynamic_ranking_diagnostics.csv;results/working/rate_limiter_mechanism_audit.csv
Walmart,store_039__dept_095,strict_frozen,ensemble_rate_cap,inactive,target_unchanged,simple_ensemble,simple_ensemble,1,0.0,True,True,1965556.0173128548,,,,False,results/working/static_dynamic_ranking_diagnostics.csv;results/working/rate_limiter_mechanism_audit.csv
Walmart,store_040__dept_042,strict_frozen,ensemble_rate_cap,inactive,target_unchanged,accuracy_first,accuracy_first,1,0.0,True,True,29711.03095182845,,,,False,results/working/static_dynamic_ranking_diagnostics.csv;results/working/rate_limiter_mechanism_audit.csv
Walmart,store_040__dept_092,strict_frozen,ensemble_rate_cap,inactive,target_unchanged,operationally_weighted_ensemble,simple_ensemble,0,1.164153218269348e-09,True,True,672847.7971316852,,,,False,results/working/static_dynamic_ranking_diagnostics.csv;results/working/rate_limiter_mechanism_audit.csv
Walmart,store_041__dept_033,strict_frozen,ensemble_rate_cap,inactive,target_unchanged,simple_ensemble,simple_ensemble,1,0.0,True,True,615873.2855129213,,,,False,results/working/static_dynamic_ranking_diagnostics.csv;results/working/rate_limiter_mechanism_audit.csv
Walmart,store_041__dept_092,strict_frozen,ensemble_rate_cap,inactive,target_unchanged,accuracy_first,operationally_weighted_ensemble,0,1213.266294600442,True,True,1349767.7800442884,,,,False,results/working/static_dynamic_ranking_diagnostics.csv;results/working/rate_limiter_mechanism_audit.csv
Walmart,store_041__dept_095,strict_frozen,ensemble_rate_cap,inactive,target_unchanged,accuracy_first,accuracy_first,1,0.0,True,True,769848.4720854,,,,False,results/working/static_dynamic_ranking_diagnostics.csv;results/working/rate_limiter_mechanism_audit.csv
Walmart,store_041__dept_096,strict_frozen,ensemble_rate_cap,inactive,target_unchanged,accuracy_first,operationally_weighted_ensemble,0,9600.921305392221,False,True,62892.822300159,,,,True,results/working/static_dynamic_ranking_diagnostics.csv;results/working/rate_limiter_mechanism_audit.csv
Walmart,store_042__dept_092,strict_frozen,ensemble_rate_cap,inactive,target_unchanged,simple_ensemble,operationally_weighted_ensemble,0,3.4924596548080444e-10,True,True,730520.2753743029,,,,False,results/working/static_dynamic_ranking_diagnostics.csv;results/working/rate_limiter_mechanism_audit.csv
Walmart,store_043__dept_092,strict_frozen,ensemble_rate_cap,inactive,target_unchanged,accuracy_first,accuracy_first,1,0.0,True,True,477743.8397918402,,,,False,results/working/static_dynamic_ranking_diagnostics.csv;results/working/rate_limiter_mechanism_audit.csv
Walmart,store_044__dept_009,strict_frozen,ensemble_rate_cap,inactive,target_unchanged,accuracy_first,accuracy_first,1,0.0,True,True,4544.211221770729,,,,False,results/working/static_dynamic_ranking_diagnostics.csv;results/working/rate_limiter_mechanism_audit.csv
Walmart,store_044__dept_017,strict_frozen,ensemble_rate_cap,inactive,target_unchanged,operationally_weighted_ensemble,accuracy_first,0,282.01387508673537,False,True,8174.237428887805,,,,True,results/working/static_dynamic_ranking_diagnostics.csv;results/working/rate_limiter_mechanism_audit.csv
