scenario_id,strategy,WAPE,MASE,total_dynamic_cost,fill_rate,planning_execution_gap_rate,plan_volatility,switch_count
L0_B10_flexible,accuracy_first,0.11559139189390702,0.5124339092535392,43663.18729290626,0.9807747445662467,0.007142857142857142,38156.47990262117,0.0
L0_B10_flexible,accuracy_order_up_to,0.11559139189390702,0.5124339092535392,43663.18729290626,0.9807747445662467,0.007142857142857142,38156.47990262117,0.0
L0_B10_flexible,accuracy_rate_limited,0.11559139189390702,0.5124339092535392,44502.93343913804,0.9799428707840692,0.006785714285714285,37375.40757827545,0.0
L0_B10_flexible,feasibility_aware,0.11588284104768151,0.5126085635723481,44968.765370794616,0.9778572263199128,0.007142857142857142,38158.76186109274,6.37
L0_B10_flexible,accuracy_smoothed,0.11559139189390702,0.5124339092535392,45272.93043817896,0.9795708292941108,0.006785714285714285,35591.06835404937,0.0
L0_B10_flexible,simple_ensemble_rate_limited,0.13320371645847104,0.5703987556060911,50492.41814112152,0.9757390107812772,0.006428571428571428,36895.085788065706,0.0
L0_B10_flexible,simple_ensemble,0.13320371645847104,0.5703987556060911,50495.74586529972,0.9757390107812772,0.006428571428571428,36897.29507880145,0.0
L0_B10_flexible,accuracy_frozen_horizon,0.11559139189390702,0.5124339092535392,65877.69884606864,0.9666851098576396,0.01107142857142857,49779.13061165973,0.0
L0_B10_moderate,simple_ensemble_rate_limited,0.13320371645847104,0.5703987556060911,231314.6879206745,0.8431538639879024,0.38642857142857145,22937.446533198956,0.0
L0_B10_moderate,simple_ensemble,0.13320371645847104,0.5703987556060911,231316.4241067453,0.8431538639879024,0.38642857142857145,22937.446533198956,0.0
L0_B10_moderate,accuracy_frozen_horizon,0.11559139189390702,0.5124339092535392,255751.90367434497,0.8266813773142594,0.45321428571428585,25079.94391818879,0.0
L0_B10_moderate,accuracy_smoothed,0.11559139189390702,0.5124339092535392,256276.09714022448,0.829325562643967,0.4092857142857143,22975.047306937548,0.0
L0_B10_moderate,accuracy_first,0.11559139189390702,0.5124339092535392,275749.39003220625,0.8184045481407982,0.4203571428571429,23792.36728458047,0.0
L0_B10_moderate,accuracy_order_up_to,0.11559139189390702,0.5124339092535392,275749.39003220625,0.8184045481407982,0.4203571428571429,23792.36728458047,0.0
L0_B10_moderate,accuracy_rate_limited,0.11559139189390702,0.5124339092535392,275904.6900072495,0.8181145462032052,0.4157142857142857,23675.54336419984,0.0
L0_B10_moderate,feasibility_aware,0.11588284104768151,0.5126085635723481,276717.4512556174,0.815823362993817,0.4207142857142858,23851.756754178965,6.37
L0_B10_tight,accuracy_rate_limited,0.11559139189390702,0.5124339092535392,3772009.3802374904,0.174208545256507,0.888571428571428,3350.7890056584743,0.0
L0_B10_tight,accuracy_first,0.11559139189390702,0.5124339092535392,3772052.915115377,0.174208545256507,0.888571428571428,3350.7890056584743,0.0
L0_B10_tight,accuracy_order_up_to,0.11559139189390702,0.5124339092535392,3772052.915115377,0.174208545256507,0.888571428571428,3350.7890056584743,0.0
L0_B10_tight,feasibility_aware,0.11588284104768151,0.5126085635723481,3775426.55848267,0.17355908427932168,0.888571428571428,3354.674591356645,6.37
L0_B10_tight,accuracy_smoothed,0.11559139189390702,0.5124339092535392,3792992.9520084667,0.17130998733889954,0.8874999999999994,3377.6013099188344,0.0
L0_B10_tight,simple_ensemble_rate_limited,0.13320371645847104,0.5703987556060911,3803439.998335064,0.16895706811208563,0.8857142857142851,3390.000365603845,0.0
L0_B10_tight,simple_ensemble,0.13320371645847104,0.5703987556060911,3803441.8826284916,0.16895706811208563,0.8857142857142851,3390.000365603845,0.0
L0_B10_tight,accuracy_frozen_horizon,0.11559139189390702,0.5124339092535392,3914475.0051507787,0.16285761753820274,0.8796428571428568,3517.2827670557767,0.0
L0_B2_flexible,feasibility_aware,0.11588284104768151,0.5126085635723481,25675.285292937835,0.9778572263199128,0.007142857142857142,38158.76186109274,6.37
L0_B2_flexible,accuracy_rate_limited,0.11559139189390702,0.5124339092535392,27210.356235844163,0.9799428707840692,0.006785714285714285,37375.40757827545,0.0
L0_B2_flexible,accuracy_first,0.11559139189390702,0.5124339092535392,27294.43111482434,0.9807747445662467,0.007142857142857142,38156.47990262117,0.0
L0_B2_flexible,accuracy_order_up_to,0.11559139189390702,0.5124339092535392,27294.43111482434,0.9807747445662467,0.007142857142857142,38156.47990262117,0.0
L0_B2_flexible,accuracy_smoothed,0.11559139189390702,0.5124339092535392,27697.705152819504,0.9795708292941108,0.006785714285714285,35591.06835404937,0.0
L0_B2_flexible,simple_ensemble_rate_limited,0.13320371645847104,0.5703987556060911,28961.10477465963,0.9757390107812772,0.006428571428571428,36895.085788065706,0.0
L0_B2_flexible,simple_ensemble,0.13320371645847104,0.5703987556060911,28964.432498837832,0.9757390107812772,0.006428571428571428,36897.29507880145,0.0
L0_B2_flexible,accuracy_frozen_horizon,0.11559139189390702,0.5124339092535392,33857.42872945062,0.9666851098576396,0.01107142857142857,49779.13061165973,0.0
L0_B2_moderate,simple_ensemble_rate_limited,0.13320371645847104,0.5703987556060911,63193.38961313664,0.8431538639879024,0.38642857142857145,22937.446533198956,0.0
L0_B2_moderate,simple_ensemble,0.13320371645847104,0.5703987556060911,63195.12579920745,0.8431538639879024,0.38642857142857145,22937.446533198956,0.0
L0_B2_moderate,accuracy_frozen_horizon,0.11559139189390702,0.5124339092535392,66658.77602584835,0.8266813773142594,0.45321428571428585,25079.94391818879,0.0
L0_B2_moderate,accuracy_smoothed,0.11559139189390702,0.5124339092535392,67806.51644501447,0.829325562643967,0.4092857142857143,22975.047306937548,0.0
L0_B2_moderate,feasibility_aware,0.11588284104768151,0.5126085635723481,69878.38833893415,0.815823362993817,0.4207142857142858,23851.756754178965,6.37
L0_B2_moderate,accuracy_rate_limited,0.11559139189390702,0.5124339092535392,71207.35382237023,0.8181145462032052,0.4157142857142857,23675.54336419984,0.0
L0_B2_moderate,accuracy_first,0.11559139189390702,0.5124339092535392,71247.41966401224,0.8184045481407982,0.4203571428571429,23792.36728458047,0.0
L0_B2_moderate,accuracy_order_up_to,0.11559139189390702,0.5124339092535392,71247.41966401224,0.8184045481407982,0.4203571428571429,23792.36728458047,0.0
L0_B2_tight,accuracy_rate_limited,0.11559139189390702,0.5124339092535392,793689.5709515719,0.174208545256507,0.888571428571428,3350.7890056584743,0.0
L0_B2_tight,accuracy_first,0.11559139189390702,0.5124339092535392,793733.1058294588,0.174208545256507,0.888571428571428,3350.7890056584743,0.0
L0_B2_tight,accuracy_order_up_to,0.11559139189390702,0.5124339092535392,793733.1058294588,0.174208545256507,0.888571428571428,3350.7890056584743,0.0
L0_B2_tight,feasibility_aware,0.11588284104768151,0.5126085635723481,794212.6683576257,0.17355908427932168,0.888571428571428,3354.674591356645,6.37
L0_B2_tight,accuracy_smoothed,0.11559139189390702,0.5124339092535392,798065.2251050068,0.17130998733889954,0.8874999999999994,3377.6013099188344,0.0
L0_B2_tight,simple_ensemble_rate_limited,0.13320371645847104,0.5703987556060911,800201.3894592401,0.16895706811208563,0.8857142857142851,3390.000365603845,0.0
L0_B2_tight,simple_ensemble,0.13320371645847104,0.5703987556060911,800203.273752668,0.16895706811208563,0.8857142857142851,3390.000365603845,0.0
L0_B2_tight,accuracy_frozen_horizon,0.11559139189390702,0.5124339092535392,823259.5064477883,0.16285761753820274,0.8796428571428568,3517.2827670557767,0.0
L0_B5_flexible,feasibility_aware,0.11588284104768151,0.5126085635723481,32910.34032213413,0.9778572263199128,0.007142857142857142,38158.76186109274,6.37
L0_B5_flexible,accuracy_first,0.11559139189390702,0.5124339092535392,33432.71468160505,0.9807747445662467,0.007142857142857142,38156.47990262117,0.0
L0_B5_flexible,accuracy_order_up_to,0.11559139189390702,0.5124339092535392,33432.71468160505,0.9807747445662467,0.007142857142857142,38156.47990262117,0.0
L0_B5_flexible,accuracy_rate_limited,0.11559139189390702,0.5124339092535392,33695.072687079344,0.9799428707840692,0.006785714285714285,37375.40757827545,0.0
L0_B5_flexible,accuracy_smoothed,0.11559139189390702,0.5124339092535392,34288.41463482931,0.9795708292941108,0.006785714285714285,35591.06835404937,0.0
L0_B5_flexible,simple_ensemble_rate_limited,0.13320371645847104,0.5703987556060911,37035.347287082834,0.9757390107812772,0.006428571428571428,36895.085788065706,0.0
L0_B5_flexible,simple_ensemble,0.13320371645847104,0.5703987556060911,37038.67501126103,0.9757390107812772,0.006428571428571428,36897.29507880145,0.0
L0_B5_flexible,accuracy_frozen_horizon,0.11559139189390702,0.5124339092535392,45865.030023182386,0.9666851098576396,0.01107142857142857,49779.13061165973,0.0
L0_B5_moderate,simple_ensemble_rate_limited,0.13320371645847104,0.5703987556060911,126238.87647846334,0.8431538639879024,0.38642857142857145,22937.446533198956,0.0
L0_B5_moderate,simple_ensemble,0.13320371645847104,0.5703987556060911,126240.61266453416,0.8431538639879024,0.38642857142857145,22937.446533198956,0.0
L0_B5_moderate,accuracy_frozen_horizon,0.11559139189390702,0.5124339092535392,137568.6988940346,0.8266813773142594,0.45321428571428585,25079.94391818879,0.0
L0_B5_moderate,accuracy_smoothed,0.11559139189390702,0.5124339092535392,138482.6092057182,0.829325562643967,0.4092857142857143,22975.047306937548,0.0
L0_B5_moderate,feasibility_aware,0.11588284104768151,0.5126085635723481,147443.03693269036,0.815823362993817,0.4207142857142858,23851.756754178965,6.37
L0_B5_moderate,accuracy_first,0.11559139189390702,0.5124339092535392,147935.65855208502,0.8184045481407982,0.4203571428571429,23792.36728458047,0.0
L0_B5_moderate,accuracy_order_up_to,0.11559139189390702,0.5124339092535392,147935.65855208502,0.8184045481407982,0.4203571428571429,23792.36728458047,0.0
L0_B5_moderate,accuracy_rate_limited,0.11559139189390702,0.5124339092535392,147968.8548917,0.8181145462032052,0.4157142857142857,23675.54336419984,0.0
L0_B5_tight,accuracy_rate_limited,0.11559139189390702,0.5124339092535392,1910559.4994337913,0.174208545256507,0.888571428571428,3350.7890056584743,0.0
L0_B5_tight,accuracy_first,0.11559139189390702,0.5124339092535392,1910603.034311678,0.174208545256507,0.888571428571428,3350.7890056584743,0.0
L0_B5_tight,accuracy_order_up_to,0.11559139189390702,0.5124339092535392,1910603.034311678,0.174208545256507,0.888571428571428,3350.7890056584743,0.0
L0_B5_tight,feasibility_aware,0.11588284104768151,0.5126085635723481,1912167.8771545172,0.17355908427932168,0.888571428571428,3354.674591356645,6.37
L0_B5_tight,accuracy_smoothed,0.11559139189390702,0.5124339092535392,1921163.122693805,0.17130998733889954,0.8874999999999994,3377.6013099188344,0.0
L0_B5_tight,simple_ensemble_rate_limited,0.13320371645847104,0.5703987556060911,1926415.8677876743,0.16895706811208563,0.8857142857142851,3390.000365603845,0.0
L0_B5_tight,simple_ensemble,0.13320371645847104,0.5703987556060911,1926417.7520811018,0.16895706811208563,0.8857142857142851,3390.000365603845,0.0
L0_B5_tight,accuracy_frozen_horizon,0.11559139189390702,0.5124339092535392,1982465.31846141,0.16285761753820274,0.8796428571428568,3517.2827670557767,0.0
L2_B10_flexible,simple_ensemble_rate_limited,0.13320371645847104,0.5703987556060911,158194.2657863009,0.9360870046031424,0.029285714285714293,58877.98246862078,0.0
L2_B10_flexible,simple_ensemble,0.13320371645847104,0.5703987556060911,158199.9186665845,0.9360870046031424,0.029285714285714293,58877.98246862078,0.0
L2_B10_flexible,accuracy_smoothed,0.11559139189390702,0.5124339092535392,177926.6191886628,0.9242649333124998,0.045357142857142846,65276.95808664837,0.0
L2_B10_flexible,accuracy_rate_limited,0.11559139189390702,0.5124339092535392,179382.45602821402,0.9241483523094213,0.06464285714285711,81434.56791989469,0.0
L2_B10_flexible,accuracy_first,0.11559139189390702,0.5124339092535392,179561.3328720262,0.9243792177939256,0.07464285714285711,82143.86384583318,0.0
L2_B10_flexible,accuracy_order_up_to,0.11559139189390702,0.5124339092535392,179561.3328720262,0.9243792177939256,0.07464285714285711,82143.86384583318,0.0
L2_B10_flexible,feasibility_aware,0.11588284104768151,0.5126085635723481,186952.97913448754,0.9142459961324626,0.06928571428571426,80622.03675516468,6.37
L2_B10_flexible,accuracy_frozen_horizon,0.11559139189390702,0.5124339092535392,222253.10551949765,0.8951592684533399,0.13035714285714278,81302.2537731607,0.0
L2_B10_moderate,simple_ensemble_rate_limited,0.13320371645847104,0.5703987556060911,387435.5805432016,0.7726580758251855,0.5617857142857142,26548.482315483547,0.0
L2_B10_moderate,simple_ensemble,0.13320371645847104,0.5703987556060911,387441.2334234852,0.7726580758251855,0.5617857142857142,26548.482315483547,0.0
L2_B10_moderate,accuracy_frozen_horizon,0.11559139189390702,0.5124339092535392,505753.358845921,0.6983500205239176,0.5821428571428572,25615.36546866653,0.0
L2_B10_moderate,accuracy_smoothed,0.11559139189390702,0.5124339092535392,513057.35223204375,0.7112973045569904,0.6021428571428572,25013.07151941083,0.0
L2_B10_moderate,accuracy_rate_limited,0.11559139189390702,0.5124339092535392,516709.27589231334,0.7024194591021591,0.617142857142857,26029.654155474378,0.0
L2_B10_moderate,accuracy_first,0.11559139189390702,0.5124339092535392,516841.22993052116,0.7024129461122651,0.616785714285714,26023.581741009355,0.0
L2_B10_moderate,accuracy_order_up_to,0.11559139189390702,0.5124339092535392,516841.22993052116,0.7024129461122651,0.616785714285714,26023.581741009355,0.0
L2_B10_moderate,feasibility_aware,0.11588284104768151,0.5126085635723481,534596.5995578626,0.6886603922186194,0.6124999999999998,26150.05959699095,6.37
L2_B10_tight,simple_ensemble_rate_limited,0.13320371645847104,0.5703987556060911,3124646.2960810536,0.2780392100671717,0.8864285714285707,3419.65847238992,0.0
L2_B10_tight,simple_ensemble,0.13320371645847104,0.5703987556060911,3124651.9489613366,0.2780392100671717,0.8864285714285707,3419.65847238992,0.0
L2_B10_tight,accuracy_rate_limited,0.11559139189390702,0.5124339092535392,3154643.9350136714,0.2733391603577528,0.884285714285714,3391.3517494418797,0.0
L2_B10_tight,accuracy_first,0.11559139189390702,0.5124339092535392,3154774.857040463,0.2733391603577528,0.884285714285714,3391.3517494418797,0.0
L2_B10_tight,accuracy_order_up_to,0.11559139189390702,0.5124339092535392,3154774.857040463,0.2733391603577528,0.884285714285714,3391.3517494418797,0.0
L2_B10_tight,feasibility_aware,0.11588284104768151,0.5126085635723481,3169927.7866454995,0.2704823231687986,0.8849999999999997,3434.6569670797126,6.37
L2_B10_tight,accuracy_smoothed,0.11559139189390702,0.5124339092535392,3180542.4837397807,0.26909878586915986,0.8842857142857141,3450.964656082888,0.0
L2_B10_tight,accuracy_frozen_horizon,0.11559139189390702,0.5124339092535392,3278795.5690046214,0.25505664720121723,0.8767857142857138,3501.429733751858,0.0
L2_B2_flexible,simple_ensemble_rate_limited,0.13320371645847104,0.5703987556060911,95614.15056688139,0.9360870046031424,0.029285714285714293,58877.98246862078,0.0
L2_B2_flexible,simple_ensemble,0.13320371645847104,0.5703987556060911,95619.803447165,0.9360870046031424,0.029285714285714293,58877.98246862078,0.0
L2_B2_flexible,feasibility_aware,0.11588284104768151,0.5126085635723481,99428.57226219974,0.9142459961324626,0.06928571428571426,80622.03675516468,6.37
L2_B2_flexible,accuracy_smoothed,0.11559139189390702,0.5124339092535392,101039.95648684453,0.9242649333124998,0.045357142857142846,65276.95808664837,0.0
L2_B2_flexible,accuracy_rate_limited,0.11559139189390702,0.5124339092535392,102334.75876372492,0.9241483523094213,0.06464285714285711,81434.56791989469,0.0
L2_B2_flexible,accuracy_first,0.11559139189390702,0.5124339092535392,102859.02405684795,0.9243792177939256,0.07464285714285711,82143.86384583318,0.0
L2_B2_flexible,accuracy_order_up_to,0.11559139189390702,0.5124339092535392,102859.02405684795,0.9243792177939256,0.07464285714285711,82143.86384583318,0.0
L2_B2_flexible,accuracy_frozen_horizon,0.11559139189390702,0.5124339092535392,112788.38591081002,0.8951592684533399,0.13035714285714278,81302.2537731607,0.0
L2_B2_moderate,simple_ensemble_rate_limited,0.13320371645847104,0.5703987556060911,124499.64344419999,0.7726580758251855,0.5617857142857142,26548.482315483547,0.0
L2_B2_moderate,simple_ensemble,0.13320371645847104,0.5703987556060911,124505.2963244836,0.7726580758251855,0.5617857142857142,26548.482315483547,0.0
L2_B2_moderate,accuracy_frozen_horizon,0.11559139189390702,0.5124339092535392,143011.8117282111,0.6983500205239176,0.5821428571428572,25615.36546866653,0.0
L2_B2_moderate,accuracy_rate_limited,0.11559139189390702,0.5124339092535392,144714.40052902035,0.7024194591021591,0.617142857142857,26029.654155474378,0.0
L2_B2_moderate,accuracy_first,0.11559139189390702,0.5124339092535392,144842.93483070255,0.7024129461122651,0.616785714285714,26023.581741009355,0.0
L2_B2_moderate,accuracy_order_up_to,0.11559139189390702,0.5124339092535392,144842.93483070255,0.7024129461122651,0.616785714285714,26023.581741009355,0.0
L2_B2_moderate,feasibility_aware,0.11588284104768151,0.5126085635723481,145865.60413733125,0.6886603922186194,0.6124999999999998,26150.05959699095,6.37
L2_B2_moderate,accuracy_smoothed,0.11559139189390702,0.5124339092535392,146036.0759604096,0.7112973045569904,0.6021428571428572,25013.07151941083,0.0
L2_B2_tight,simple_ensemble_rate_limited,0.13320371645847104,0.5703987556060911,681941.1047905171,0.2780392100671717,0.8864285714285707,3419.65847238992,0.0
L2_B2_tight,simple_ensemble,0.13320371645847104,0.5703987556060911,681946.7576708007,0.2780392100671717,0.8864285714285707,3419.65847238992,0.0
L2_B2_tight,accuracy_rate_limited,0.11559139189390702,0.5124339092535392,688879.2350463778,0.2733391603577528,0.884285714285714,3391.3517494418797,0.0
L2_B2_tight,accuracy_first,0.11559139189390702,0.5124339092535392,689010.1570731688,0.2733391603577528,0.884285714285714,3391.3517494418797,0.0
L2_B2_tight,accuracy_order_up_to,0.11559139189390702,0.5124339092535392,689010.1570731688,0.2733391603577528,0.884285714285714,3391.3517494418797,0.0
L2_B2_tight,feasibility_aware,0.11588284104768151,0.5126085635723481,691515.2826608494,0.2704823231687986,0.8849999999999997,3434.6569670797126,6.37
L2_B2_tight,accuracy_smoothed,0.11559139189390702,0.5124339092535392,694313.7348685793,0.26909878586915986,0.8842857142857141,3450.964656082888,0.0
L2_B2_tight,accuracy_frozen_horizon,0.11559139189390702,0.5124339092535392,714417.5610533172,0.25505664720121723,0.8767857142857138,3501.429733751858,0.0
L2_B5_flexible,simple_ensemble_rate_limited,0.13320371645847104,0.5703987556060911,119081.69377416371,0.9360870046031424,0.029285714285714293,58877.98246862078,0.0
L2_B5_flexible,simple_ensemble,0.13320371645847104,0.5703987556060911,119087.3466544473,0.9360870046031424,0.029285714285714293,58877.98246862078,0.0
L2_B5_flexible,accuracy_smoothed,0.11559139189390702,0.5124339092535392,129872.4550000264,0.9242649333124998,0.045357142857142846,65276.95808664837,0.0
L2_B5_flexible,accuracy_rate_limited,0.11559139189390702,0.5124339092535392,131227.6452379083,0.9241483523094213,0.06464285714285711,81434.56791989469,0.0
L2_B5_flexible,accuracy_first,0.11559139189390702,0.5124339092535392,131622.3898625398,0.9243792177939256,0.07464285714285711,82143.86384583318,0.0
L2_B5_flexible,accuracy_order_up_to,0.11559139189390702,0.5124339092535392,131622.3898625398,0.9243792177939256,0.07464285714285711,82143.86384583318,0.0
L2_B5_flexible,feasibility_aware,0.11588284104768151,0.5126085635723481,132250.2248393077,0.9142459961324626,0.06928571428571426,80622.03675516468,6.37
L2_B5_flexible,accuracy_frozen_horizon,0.11559139189390702,0.5124339092535392,153837.65576406787,0.8951592684533399,0.13035714285714278,81302.2537731607,0.0
L2_B5_moderate,simple_ensemble_rate_limited,0.13320371645847104,0.5703987556060911,223100.61985632562,0.7726580758251855,0.5617857142857142,26548.482315483547,0.0
L2_B5_moderate,simple_ensemble,0.13320371645847104,0.5703987556060911,223106.27273660921,0.7726580758251855,0.5617857142857142,26548.482315483547,0.0
L2_B5_moderate,accuracy_frozen_horizon,0.11559139189390702,0.5124339092535392,279039.89189735224,0.6983500205239176,0.5821428571428572,25615.36546866653,0.0
L2_B5_moderate,accuracy_smoothed,0.11559139189390702,0.5124339092535392,283669.05456227245,0.7112973045569904,0.6021428571428572,25013.07151941083,0.0
L2_B5_moderate,accuracy_rate_limited,0.11559139189390702,0.5124339092535392,284212.4787902553,0.7024194591021591,0.617142857142857,26029.654155474378,0.0
L2_B5_moderate,accuracy_first,0.11559139189390702,0.5124339092535392,284342.29549313465,0.7024129461122651,0.616785714285714,26023.581741009355,0.0
L2_B5_moderate,accuracy_order_up_to,0.11559139189390702,0.5124339092535392,284342.29549313465,0.7024129461122651,0.616785714285714,26023.581741009355,0.0
L2_B5_moderate,feasibility_aware,0.11588284104768151,0.5126085635723481,291639.7274200306,0.6886603922186194,0.6124999999999998,26150.05959699095,6.37
L2_B5_tight,simple_ensemble_rate_limited,0.13320371645847104,0.5703987556060911,1597955.5515244675,0.2780392100671717,0.8864285714285707,3419.65847238992,0.0
L2_B5_tight,simple_ensemble,0.13320371645847104,0.5703987556060911,1597961.2044047513,0.2780392100671717,0.8864285714285707,3419.65847238992,0.0
L2_B5_tight,accuracy_rate_limited,0.11559139189390702,0.5124339092535392,1613540.997534112,0.2733391603577528,0.884285714285714,3391.3517494418797,0.0
L2_B5_tight,accuracy_first,0.11559139189390702,0.5124339092535392,1613671.9195609032,0.2733391603577528,0.884285714285714,3391.3517494418797,0.0
L2_B5_tight,accuracy_order_up_to,0.11559139189390702,0.5124339092535392,1613671.9195609032,0.2733391603577528,0.884285714285714,3391.3517494418797,0.0
L2_B5_tight,feasibility_aware,0.11588284104768151,0.5126085635723481,1620919.9716550931,0.2704823231687986,0.8849999999999997,3434.6569670797126,6.37
L2_B5_tight,accuracy_smoothed,0.11559139189390702,0.5124339092535392,1626649.5156952802,0.26909878586915986,0.8842857142857141,3450.964656082888,0.0
L2_B5_tight,accuracy_frozen_horizon,0.11559139189390702,0.5124339092535392,1676059.3140350569,0.25505664720121723,0.8767857142857138,3501.429733751858,0.0
L7_B10_flexible,simple_ensemble_rate_limited,0.13320371645847104,0.5703987556060911,371193.9163489342,0.9266558187044046,0.20214285714285712,91962.23276569722,0.0
L7_B10_flexible,simple_ensemble,0.13320371645847104,0.5703987556060911,371208.9906963571,0.9266558187044046,0.20214285714285712,91962.23276569722,0.0
L7_B10_flexible,accuracy_smoothed,0.11559139189390702,0.5124339092535392,420610.8143173112,0.8977852358144186,0.2639285714285715,90587.86364915522,0.0
L7_B10_flexible,accuracy_rate_limited,0.11559139189390702,0.5124339092535392,440017.25639267167,0.8864732571713272,0.28928571428571437,98213.80620482359,0.0
L7_B10_flexible,accuracy_first,0.11559139189390702,0.5124339092535392,441576.49886204745,0.8861012286861712,0.2903571428571429,98531.81999628716,0.0
L7_B10_flexible,accuracy_order_up_to,0.11559139189390702,0.5124339092535392,441576.49886204745,0.8861012286861712,0.2903571428571429,98531.81999628716,0.0
L7_B10_flexible,feasibility_aware,0.11588284104768151,0.5126085635723481,448149.8875135183,0.8783076942591242,0.27678571428571436,97321.85469219164,6.37
L7_B10_flexible,accuracy_frozen_horizon,0.11559139189390702,0.5124339092535392,469241.644850941,0.8724433224323258,0.2646428571428572,87964.08418773468,0.0
L7_B10_moderate,simple_ensemble_rate_limited,0.13320371645847104,0.5703987556060911,788782.1754031308,0.6957263579840088,0.6985714285714286,24512.56628348896,0.0
L7_B10_moderate,simple_ensemble,0.13320371645847104,0.5703987556060911,788797.2497505536,0.6957263579840088,0.6985714285714286,24512.56628348896,0.0
L7_B10_moderate,accuracy_smoothed,0.11559139189390702,0.5124339092535392,1011893.7831615235,0.6194755799268864,0.7364285714285712,23797.52687379886,0.0
L7_B10_moderate,accuracy_rate_limited,0.11559139189390702,0.5124339092535392,1089026.824534409,0.5994874358293298,0.725714285714286,25046.578088707345,0.0
L7_B10_moderate,accuracy_first,0.11559139189390702,0.5124339092535392,1089376.3683258467,0.5994874358293298,0.725714285714286,25046.578088707345,0.0
L7_B10_moderate,accuracy_order_up_to,0.11559139189390702,0.5124339092535392,1089376.3683258467,0.5994874358293298,0.725714285714286,25046.578088707345,0.0
L7_B10_moderate,feasibility_aware,0.11588284104768151,0.5126085635723481,1116354.5540404718,0.5862289137931589,0.7189285714285716,25273.455646236314,6.37
L7_B10_moderate,accuracy_frozen_horizon,0.11559139189390702,0.5124339092535392,1262679.9055696523,0.5837450311885445,0.7060714285714288,21683.292297730753,0.0
L7_B10_tight,simple_ensemble_rate_limited,0.13320371645847104,0.5703987556060911,2019794.2924117667,0.47464814731244914,0.8767857142857143,3579.3842257498186,0.0
L7_B10_tight,simple_ensemble,0.13320371645847104,0.5703987556060911,2019809.3667591894,0.47464814731244914,0.8767857142857143,3579.3842257498186,0.0
L7_B10_tight,accuracy_rate_limited,0.11559139189390702,0.5124339092535392,2224590.038000304,0.46115314224973325,0.8696428571428576,3869.110388393187,0.0
L7_B10_tight,accuracy_first,0.11559139189390702,0.5124339092535392,2224939.1634050813,0.46115314224973325,0.8696428571428576,3869.110388393187,0.0
L7_B10_tight,accuracy_order_up_to,0.11559139189390702,0.5124339092535392,2224939.1634050813,0.46115314224973325,0.8696428571428576,3869.110388393187,0.0
L7_B10_tight,accuracy_smoothed,0.11559139189390702,0.5124339092535392,2228817.6390330703,0.4573856073460878,0.870714285714286,3798.0287468070806,0.0
L7_B10_tight,feasibility_aware,0.11588284104768151,0.5126085635723481,2241062.614605453,0.4581387234382742,0.8671428571428573,3934.008323098442,6.37
L7_B10_tight,accuracy_frozen_horizon,0.11559139189390702,0.5124339092535392,2394785.6959109223,0.45218664880196596,0.8510714285714289,4132.489104503951,0.0
L7_B2_flexible,simple_ensemble_rate_limited,0.13320371645847104,0.5703987556060911,288120.0998592275,0.9266558187044046,0.20214285714285712,91962.23276569722,0.0
L7_B2_flexible,simple_ensemble,0.13320371645847104,0.5703987556060911,288135.1742066504,0.9266558187044046,0.20214285714285712,91962.23276569722,0.0
L7_B2_flexible,feasibility_aware,0.11588284104768151,0.5126085635723481,291688.49177993805,0.8783076942591242,0.27678571428571436,97321.85469219164,6.37
L7_B2_flexible,accuracy_smoothed,0.11559139189390702,0.5124339092535392,292436.8368039501,0.8977852358144186,0.2639285714285715,90587.86364915522,0.0
L7_B2_flexible,accuracy_rate_limited,0.11559139189390702,0.5124339092535392,295357.8527092519,0.8864732571713272,0.28928571428571437,98213.80620482359,0.0
L7_B2_flexible,accuracy_first,0.11559139189390702,0.5124339092535392,296307.12653796276,0.8861012286861712,0.2903571428571429,98531.81999628716,0.0
L7_B2_flexible,accuracy_order_up_to,0.11559139189390702,0.5124339092535392,296307.12653796276,0.8861012286861712,0.2903571428571429,98531.81999628716,0.0
L7_B2_flexible,accuracy_frozen_horizon,0.11559139189390702,0.5124339092535392,306900.2107400151,0.8724433224323258,0.2646428571428572,87964.08418773468,0.0
L7_B2_moderate,simple_ensemble_rate_limited,0.13320371645847104,0.5703987556060911,333052.72490692243,0.6957263579840088,0.6985714285714286,24512.56628348896,0.0
L7_B2_moderate,simple_ensemble,0.13320371645847104,0.5703987556060911,333067.7992543454,0.6957263579840088,0.6985714285714286,24512.56628348896,0.0
L7_B2_moderate,accuracy_smoothed,0.11559139189390702,0.5124339092535392,374415.54311291367,0.6194755799268864,0.7364285714285712,23797.52687379886,0.0
L7_B2_moderate,accuracy_rate_limited,0.11559139189390702,0.5124339092535392,387129.90433906583,0.5994874358293298,0.725714285714286,25046.578088707345,0.0
L7_B2_moderate,accuracy_first,0.11559139189390702,0.5124339092535392,387479.4481305035,0.5994874358293298,0.725714285714286,25046.578088707345,0.0
L7_B2_moderate,accuracy_order_up_to,0.11559139189390702,0.5124339092535392,387479.4481305035,0.5994874358293298,0.725714285714286,25046.578088707345,0.0
L7_B2_moderate,feasibility_aware,0.11588284104768151,0.5126085635723481,389541.088076222,0.5862289137931589,0.7189285714285716,25273.455646236314,6.37
L7_B2_moderate,accuracy_frozen_horizon,0.11559139189390702,0.5124339092535392,422653.0877177008,0.5837450311885445,0.7060714285714288,21683.292297730753,0.0
L7_B2_tight,simple_ensemble_rate_limited,0.13320371645847104,0.5703987556060911,585501.1795664274,0.47464814731244914,0.8767857142857143,3579.3842257498186,0.0
L7_B2_tight,simple_ensemble,0.13320371645847104,0.5703987556060911,585516.2539138503,0.47464814731244914,0.8767857142857143,3579.3842257498186,0.0
L7_B2_tight,accuracy_rate_limited,0.11559139189390702,0.5124339092535392,631386.3101120484,0.46115314224973325,0.8696428571428576,3869.110388393187,0.0
L7_B2_tight,accuracy_first,0.11559139189390702,0.5124339092535392,631735.4355168245,0.46115314224973325,0.8696428571428576,3869.110388393187,0.0
L7_B2_tight,accuracy_order_up_to,0.11559139189390702,0.5124339092535392,631735.4355168245,0.46115314224973325,0.8696428571428576,3869.110388393187,0.0
L7_B2_tight,accuracy_smoothed,0.11559139189390702,0.5124339092535392,631930.888719855,0.4573856073460878,0.870714285714286,3798.0287468070806,0.0
L7_B2_tight,feasibility_aware,0.11588284104768151,0.5126085635723481,633251.3387262769,0.4581387234382742,0.8671428571428573,3934.008323098442,6.37
L7_B2_tight,accuracy_frozen_horizon,0.11559139189390702,0.5124339092535392,667779.8179609843,0.45218664880196596,0.8510714285714289,4132.489104503951,0.0
L7_B5_flexible,simple_ensemble_rate_limited,0.13320371645847104,0.5703987556060911,319272.7810428676,0.9266558187044046,0.20214285714285712,91962.23276569722,0.0
L7_B5_flexible,simple_ensemble,0.13320371645847104,0.5703987556060911,319287.85539029056,0.9266558187044046,0.20214285714285712,91962.23276569722,0.0
L7_B5_flexible,accuracy_smoothed,0.11559139189390702,0.5124339092535392,340502.0783714605,0.8977852358144186,0.2639285714285715,90587.86364915522,0.0
L7_B5_flexible,accuracy_rate_limited,0.11559139189390702,0.5124339092535392,349605.1290905343,0.8864732571713272,0.28928571428571437,98213.80620482359,0.0
L7_B5_flexible,feasibility_aware,0.11588284104768151,0.5126085635723481,350361.51518003066,0.8783076942591242,0.27678571428571436,97321.85469219164,6.37
L7_B5_flexible,accuracy_first,0.11559139189390702,0.5124339092535392,350783.14115949447,0.8861012286861712,0.2903571428571429,98531.81999628716,0.0
L7_B5_flexible,accuracy_order_up_to,0.11559139189390702,0.5124339092535392,350783.14115949447,0.8861012286861712,0.2903571428571429,98531.81999628716,0.0
L7_B5_flexible,accuracy_frozen_horizon,0.11559139189390702,0.5124339092535392,367778.2485316122,0.8724433224323258,0.2646428571428572,87964.08418773468,0.0
L7_B5_moderate,simple_ensemble_rate_limited,0.13320371645847104,0.5703987556060911,503951.26884300075,0.6957263579840088,0.6985714285714286,24512.56628348896,0.0
L7_B5_moderate,simple_ensemble,0.13320371645847104,0.5703987556060911,503966.3431904238,0.6957263579840088,0.6985714285714286,24512.56628348896,0.0
L7_B5_moderate,accuracy_smoothed,0.11559139189390702,0.5124339092535392,613469.8831311422,0.6194755799268864,0.7364285714285712,23797.52687379886,0.0
L7_B5_moderate,accuracy_rate_limited,0.11559139189390702,0.5124339092535392,650341.2494123194,0.5994874358293298,0.725714285714286,25046.578088707345,0.0
L7_B5_moderate,accuracy_first,0.11559139189390702,0.5124339092535392,650690.793203757,0.5994874358293298,0.725714285714286,25046.578088707345,0.0
L7_B5_moderate,accuracy_order_up_to,0.11559139189390702,0.5124339092535392,650690.793203757,0.5994874358293298,0.725714285714286,25046.578088707345,0.0
L7_B5_moderate,feasibility_aware,0.11588284104768151,0.5126085635723481,662096.1378128157,0.5862289137931589,0.7189285714285716,25273.455646236314,6.37
L7_B5_moderate,accuracy_frozen_horizon,0.11559139189390702,0.5124339092535392,737663.1444121826,0.5837450311885445,0.7060714285714288,21683.292297730753,0.0
L7_B5_tight,simple_ensemble_rate_limited,0.13320371645847104,0.5703987556060911,1123361.0968834292,0.47464814731244914,0.8767857142857143,3579.3842257498186,0.0
L7_B5_tight,simple_ensemble,0.13320371645847104,0.5703987556060911,1123376.1712308521,0.47464814731244914,0.8767857142857143,3579.3842257498186,0.0
L7_B5_tight,accuracy_rate_limited,0.11559139189390702,0.5124339092535392,1228837.7080701436,0.46115314224973325,0.8696428571428576,3869.110388393187,0.0
L7_B5_tight,accuracy_first,0.11559139189390702,0.5124339092535392,1229186.83347492,0.46115314224973325,0.8696428571428576,3869.110388393187,0.0
L7_B5_tight,accuracy_order_up_to,0.11559139189390702,0.5124339092535392,1229186.83347492,0.46115314224973325,0.8696428571428576,3869.110388393187,0.0
L7_B5_tight,accuracy_smoothed,0.11559139189390702,0.5124339092535392,1230763.4200873116,0.4573856073460878,0.870714285714286,3798.0287468070806,0.0
L7_B5_tight,feasibility_aware,0.11588284104768151,0.5126085635723481,1236180.5671809674,0.4581387234382742,0.8671428571428573,3934.008323098442,6.37
L7_B5_tight,accuracy_frozen_horizon,0.11559139189390702,0.5124339092535392,1315407.022192211,0.45218664880196596,0.8510714285714289,4132.489104503951,0.0
