dataset,grain,transfer_regime,mechanism,treatment,comparator,total_dynamic_cost_difference,planning_execution_gap_rate_difference,plan_volatility_difference,fill_rate_difference,ending_backlog_difference
M5,category_store,family_frozen_parameter_recalibrated,ensemble_diversification,simple_ensemble,accuracy_first,-7029.771153870795,-0.022727272727272818,-163.84056077296123,0.0014420548373712538,-90.523147751919
M5,category_store,family_frozen_parameter_recalibrated,rate_limit_on_accuracy,accuracy_rate_limited,accuracy_first,14.925356223371637,0.0032467532467531646,0.45403497869324383,-0.0007484289759538965,0.0
M5,category_store,family_frozen_parameter_recalibrated,rate_limit_on_ensemble,simple_ensemble_rate_limited,simple_ensemble,0.0,0.0,0.0,0.0,0.0
M5,category_store,family_frozen_parameter_recalibrated,combined_vs_accuracy,simple_ensemble_rate_limited,accuracy_first,-7029.771153870795,-0.022727272727272818,-163.84056077296123,0.0014420548373712538,-90.523147751919
M5,category_store,family_frozen_parameter_recalibrated,weighted_ensemble_vs_accuracy,operationally_weighted_ensemble,accuracy_first,-7029.771153870795,-0.022727272727272818,-163.84056077296123,0.0014420548373712538,-90.523147751919
M5,category_store,fully_in_domain_tuned,ensemble_diversification,simple_ensemble,accuracy_first,-7029.771153870795,-0.022727272727272818,-163.84056077296123,0.0014420548373712538,-90.523147751919
M5,category_store,fully_in_domain_tuned,rate_limit_on_accuracy,accuracy_rate_limited,accuracy_first,14.925356223371637,0.0032467532467531646,0.45403497869324383,-0.0007484289759538965,0.0
M5,category_store,fully_in_domain_tuned,rate_limit_on_ensemble,simple_ensemble_rate_limited,simple_ensemble,0.0,0.0,0.0,0.0,0.0
M5,category_store,fully_in_domain_tuned,combined_vs_accuracy,simple_ensemble_rate_limited,accuracy_first,-7029.771153870795,-0.022727272727272818,-163.84056077296123,0.0014420548373712538,-90.523147751919
M5,category_store,fully_in_domain_tuned,weighted_ensemble_vs_accuracy,operationally_weighted_ensemble,accuracy_first,-6672.364149158682,-0.022727272727272818,-163.04574607475524,-0.0017021623318230206,-88.07756267299334
M5,category_store,strict_frozen,ensemble_diversification,simple_ensemble,accuracy_first,-7029.771153870795,-0.022727272727272818,-163.84056077296123,0.0014420548373712538,-90.523147751919
M5,category_store,strict_frozen,rate_limit_on_accuracy,accuracy_rate_limited,accuracy_first,-82.81327093785512,0.00649350649350644,-2.743080357142844,-0.004973168827589802,-16.583743405032777
M5,category_store,strict_frozen,rate_limit_on_ensemble,simple_ensemble_rate_limited,simple_ensemble,0.0,0.0,0.0,0.0,0.0
M5,category_store,strict_frozen,combined_vs_accuracy,simple_ensemble_rate_limited,accuracy_first,-7029.771153870795,-0.022727272727272818,-163.84056077296123,0.0014420548373712538,-90.523147751919
M5,category_store,strict_frozen,weighted_ensemble_vs_accuracy,operationally_weighted_ensemble,accuracy_first,-7029.771153870795,-0.022727272727272818,-163.84056077296123,0.0014420548373712538,-90.523147751919
M5,department_store,family_frozen_parameter_recalibrated,ensemble_diversification,simple_ensemble,accuracy_first,-2096.839541518777,-0.0267857142857143,-75.07152958529502,0.00347935192699933,-35.96668278079116
M5,department_store,family_frozen_parameter_recalibrated,rate_limit_on_accuracy,accuracy_rate_limited,accuracy_first,419.6581558227517,0.0,0.38715035574784906,-0.0008589244286705822,4.5277813502720505
M5,department_store,family_frozen_parameter_recalibrated,rate_limit_on_ensemble,simple_ensemble_rate_limited,simple_ensemble,0.0,0.0,0.0,0.0,0.0
M5,department_store,family_frozen_parameter_recalibrated,combined_vs_accuracy,simple_ensemble_rate_limited,accuracy_first,-2096.839541518777,-0.0267857142857143,-75.07152958529502,0.00347935192699933,-35.96668278079116
M5,department_store,family_frozen_parameter_recalibrated,weighted_ensemble_vs_accuracy,operationally_weighted_ensemble,accuracy_first,-2096.839541518777,-0.0267857142857143,-75.07152958529502,0.00347935192699933,-35.96668278079116
M5,department_store,fully_in_domain_tuned,ensemble_diversification,simple_ensemble,accuracy_first,-2096.839541518777,-0.0267857142857143,-75.07152958529502,0.00347935192699933,-35.96668278079116
M5,department_store,fully_in_domain_tuned,rate_limit_on_accuracy,accuracy_rate_limited,accuracy_first,419.6581558227517,0.0,0.38715035574784906,-0.0008589244286705822,4.5277813502720505
M5,department_store,fully_in_domain_tuned,rate_limit_on_ensemble,simple_ensemble_rate_limited,simple_ensemble,0.0,0.0,0.0,0.0,0.0
M5,department_store,fully_in_domain_tuned,combined_vs_accuracy,simple_ensemble_rate_limited,accuracy_first,-2096.839541518777,-0.0267857142857143,-75.07152958529502,0.00347935192699933,-35.96668278079116
M5,department_store,fully_in_domain_tuned,weighted_ensemble_vs_accuracy,operationally_weighted_ensemble,accuracy_first,-2105.1191097345145,-0.0267857142857143,-75.07327963837008,0.0016497133600971159,-36.20719105065223
M5,department_store,strict_frozen,ensemble_diversification,simple_ensemble,accuracy_first,-2096.839541518777,-0.0267857142857143,-75.07152958529502,0.00347935192699933,-35.96668278079116
M5,department_store,strict_frozen,rate_limit_on_accuracy,accuracy_rate_limited,accuracy_first,-112.3688688631737,0.004464285714285698,-2.717326572963202,-0.0032738604927379233,-21.20691844395253
M5,department_store,strict_frozen,rate_limit_on_ensemble,simple_ensemble_rate_limited,simple_ensemble,0.0,0.0,0.0,0.0,0.0
M5,department_store,strict_frozen,combined_vs_accuracy,simple_ensemble_rate_limited,accuracy_first,-2096.839541518777,-0.0267857142857143,-75.07152958529502,0.00347935192699933,-35.96668278079116
M5,department_store,strict_frozen,weighted_ensemble_vs_accuracy,operationally_weighted_ensemble,accuracy_first,-2096.839541518777,-0.0267857142857143,-75.07152958529502,0.00347935192699933,-35.96668278079116
M5,item_store,family_frozen_parameter_recalibrated,ensemble_diversification,simple_ensemble,accuracy_first,-1262.0408961168523,-0.010357142857142732,9.820865012412995,0.038891576287568785,-10.583953362809225
M5,item_store,family_frozen_parameter_recalibrated,rate_limit_on_accuracy,accuracy_rate_limited,accuracy_first,0.2616562500006694,-0.00035714285714283367,-0.016874999999998863,0.0,0.022500000000007958
M5,item_store,family_frozen_parameter_recalibrated,rate_limit_on_ensemble,simple_ensemble_rate_limited,simple_ensemble,3.586406609178084,-0.001071428571428612,-0.03900561169812988,-0.00024776439037943465,0.24209950398736169
M5,item_store,family_frozen_parameter_recalibrated,combined_vs_accuracy,simple_ensemble_rate_limited,accuracy_first,-1258.4544895076742,-0.011428571428571344,9.781859400714865,0.03864381189718935,-10.341853858821864
M5,item_store,family_frozen_parameter_recalibrated,weighted_ensemble_vs_accuracy,operationally_weighted_ensemble,accuracy_first,-1262.0408961168523,-0.010357142857142732,9.820865012412995,0.038891576287568785,-10.583953362809225
M5,item_store,fully_in_domain_tuned,ensemble_diversification,simple_ensemble,accuracy_first,-1262.0408961168523,-0.010357142857142732,9.820865012412995,0.038891576287568785,-10.583953362809225
M5,item_store,fully_in_domain_tuned,rate_limit_on_accuracy,accuracy_rate_limited,accuracy_first,0.2616562500006694,-0.00035714285714283367,-0.016874999999998863,0.0,0.022500000000007958
M5,item_store,fully_in_domain_tuned,rate_limit_on_ensemble,simple_ensemble_rate_limited,simple_ensemble,3.586406609178084,-0.001071428571428612,-0.03900561169812988,-0.00024776439037943465,0.24209950398736169
M5,item_store,fully_in_domain_tuned,combined_vs_accuracy,simple_ensemble_rate_limited,accuracy_first,-1258.4544895076742,-0.011428571428571344,9.781859400714865,0.03864381189718935,-10.341853858821864
M5,item_store,fully_in_domain_tuned,weighted_ensemble_vs_accuracy,operationally_weighted_ensemble,accuracy_first,-1188.8513721440213,-0.012499999999999956,10.05482170120439,0.03817248019793246,-9.948723227231767
M5,item_store,strict_frozen,ensemble_diversification,simple_ensemble,accuracy_first,-1262.0408961168523,-0.010357142857142732,9.820865012412995,0.038891576287568785,-10.583953362809225
M5,item_store,strict_frozen,rate_limit_on_accuracy,accuracy_rate_limited,accuracy_first,0.2757195122430858,-0.00035714285714283367,-0.02087799788979794,-3.050956460581844e-06,0.022500000000007958
M5,item_store,strict_frozen,rate_limit_on_ensemble,simple_ensemble_rate_limited,simple_ensemble,0.6944996073998482,-0.0014285714285715567,-0.24854759554899886,-0.0007754342983608553,0.07665174607141978
M5,item_store,strict_frozen,combined_vs_accuracy,simple_ensemble_rate_limited,accuracy_first,-1261.3463965094525,-0.011785714285714288,9.572317416863996,0.03811614198920793,-10.507301616737806
M5,item_store,strict_frozen,weighted_ensemble_vs_accuracy,operationally_weighted_ensemble,accuracy_first,-1262.0408961168523,-0.010357142857142732,9.820865012412995,0.038891576287568785,-10.583953362809225
Walmart,department_store,family_frozen_parameter_recalibrated,ensemble_diversification,simple_ensemble,accuracy_first,-35355.581776673556,-0.016858974358974377,-2784.945316853322,-0.012059926630676121,814.0353021918527
Walmart,department_store,family_frozen_parameter_recalibrated,rate_limit_on_accuracy,accuracy_rate_limited,accuracy_first,0.7367603472666815,-0.0008333333333333526,0.0005888889136258513,0.0,0.05480243055444589
Walmart,department_store,family_frozen_parameter_recalibrated,rate_limit_on_ensemble,simple_ensemble_rate_limited,simple_ensemble,0.7367603471502662,-0.0008333333333332971,0.0005888888845220208,0.0,0.05480243055626488
Walmart,department_store,family_frozen_parameter_recalibrated,combined_vs_accuracy,simple_ensemble_rate_limited,accuracy_first,-35354.845016326406,-0.017692307692307674,-2784.9447279644373,-0.012059926630676121,814.090104622409
Walmart,department_store,family_frozen_parameter_recalibrated,weighted_ensemble_vs_accuracy,operationally_weighted_ensemble,accuracy_first,-35355.58177667332,-0.016858974358974377,-2784.9453168532345,-0.012059926630676232,814.0353021918572
Walmart,department_store,fully_in_domain_tuned,ensemble_diversification,simple_ensemble,accuracy_first,-35355.581776673556,-0.016858974358974377,-2784.945316853322,-0.012059926630676121,814.0353021918527
Walmart,department_store,fully_in_domain_tuned,rate_limit_on_accuracy,accuracy_rate_limited,accuracy_first,0.7367603472666815,-0.0008333333333333526,0.0005888889136258513,0.0,0.05480243055444589
Walmart,department_store,fully_in_domain_tuned,rate_limit_on_ensemble,simple_ensemble_rate_limited,simple_ensemble,0.7367603471502662,-0.0008333333333332971,0.0005888888845220208,0.0,0.05480243055626488
Walmart,department_store,fully_in_domain_tuned,combined_vs_accuracy,simple_ensemble_rate_limited,accuracy_first,-35354.845016326406,-0.017692307692307674,-2784.9447279644373,-0.012059926630676121,814.090104622409
Walmart,department_store,fully_in_domain_tuned,weighted_ensemble_vs_accuracy,operationally_weighted_ensemble,accuracy_first,-28141.216696917196,-0.01762820512820512,-4289.5317871396255,-0.011979356026993626,780.2829707900128
Walmart,department_store,strict_frozen,ensemble_diversification,simple_ensemble,accuracy_first,-35355.581776673556,-0.016858974358974377,-2784.945316853322,-0.012059926630676121,814.0353021918527
Walmart,department_store,strict_frozen,rate_limit_on_accuracy,accuracy_rate_limited,accuracy_first,0.7367603472666815,-0.0008333333333333526,0.0005888889136258513,0.0,0.05480243055444589
Walmart,department_store,strict_frozen,rate_limit_on_ensemble,simple_ensemble_rate_limited,simple_ensemble,0.7367603471502662,-0.0008333333333332971,0.0005888888845220208,0.0,0.05480243055626488
Walmart,department_store,strict_frozen,combined_vs_accuracy,simple_ensemble_rate_limited,accuracy_first,-35354.845016326406,-0.017692307692307674,-2784.9447279644373,-0.012059926630676121,814.090104622409
Walmart,department_store,strict_frozen,weighted_ensemble_vs_accuracy,operationally_weighted_ensemble,accuracy_first,-35355.58177667332,-0.016858974358974377,-2784.9453168532345,-0.012059926630676232,814.0353021918572
