dataset,comparison,scenario_id,treatment,comparator,block_length,observed_mean_paired_cost_difference,ci_lower_95,ci_upper_95,repetitions,planning_units
Favorita,ensemble_rl_vs_accuracy,primary_transfer,simple_ensemble_rate_limited,accuracy_first,7,-61241.675636808926,-86882.3399117331,-41015.308534766766,1000,100
Favorita,ensemble_rl_vs_accuracy,primary_transfer,simple_ensemble_rate_limited,accuracy_first,14,-61241.675636808926,-84721.00654129004,-40721.43401651679,1000,100
Favorita,ensemble_rl_vs_accuracy,primary_transfer,simple_ensemble_rate_limited,accuracy_first,28,-61241.675636808926,-81668.70287309015,-44856.16353921986,1000,100
Favorita,ensemble_rl_vs_feasibility,primary_transfer,simple_ensemble_rate_limited,feasibility_aware,7,-68539.10756370501,-94358.29153806115,-48584.943624383355,1000,100
Favorita,ensemble_rl_vs_feasibility,primary_transfer,simple_ensemble_rate_limited,feasibility_aware,14,-68539.10756370501,-93073.6180973009,-48089.037493334756,1000,100
Favorita,ensemble_rl_vs_feasibility,primary_transfer,simple_ensemble_rate_limited,feasibility_aware,28,-68539.10756370501,-89233.45553020279,-52146.11618382185,1000,100
M5,ensemble_rl_vs_accuracy,primary_transfer,simple_ensemble_rate_limited,accuracy_first,7,-1261.3463965094516,-2164.7924876522848,-430.021104608242,1000,100
M5,ensemble_rl_vs_accuracy,primary_transfer,simple_ensemble_rate_limited,accuracy_first,14,-1261.3463965094516,-2115.144637550966,-509.7742549462165,1000,100
M5,ensemble_rl_vs_accuracy,primary_transfer,simple_ensemble_rate_limited,accuracy_first,28,-1261.3463965094516,-2012.8920941802394,-525.9288822817106,1000,100
Walmart,ensemble_rl_vs_accuracy,primary_transfer,simple_ensemble_rate_limited,accuracy_first,4,-35354.84501632648,-109752.22911628646,34230.44051323464,1000,100
Walmart,ensemble_rl_vs_accuracy,primary_transfer,simple_ensemble_rate_limited,accuracy_first,8,-35354.84501632648,-109888.6146643387,34217.78628884279,1000,100
Walmart,ensemble_rl_vs_accuracy,primary_transfer,simple_ensemble_rate_limited,accuracy_first,13,-35354.84501632648,-101430.4279910285,32430.49933884173,1000,100
M5,dp_vs_ensemble_rl,frozen_horizon,dp,simple_ensemble_rate_limited,7,-1399.5080855090755,-2025.2687011084777,-822.4003729817871,1000,100
M5,dp_vs_ensemble_rl,frozen_horizon,dp,simple_ensemble_rate_limited,14,-1399.5080855090755,-2033.6187188638398,-793.1068976085995,1000,100
M5,dp_vs_ensemble_rl,frozen_horizon,dp,simple_ensemble_rate_limited,28,-1399.5080855090755,-1987.3846918569498,-868.9824668610927,1000,100
M5,budgeted_dp_vs_dp,frozen_horizon,budgeted_dp,dp,7,-271.45314866723345,-490.154657150062,-104.89732867942297,1000,100
M5,budgeted_dp_vs_dp,frozen_horizon,budgeted_dp,dp,14,-271.45314866723345,-503.4364715146302,-103.45640015003794,1000,100
M5,budgeted_dp_vs_dp,frozen_horizon,budgeted_dp,dp,28,-271.45314866723345,-469.7300074677883,-112.77951227378438,1000,100
M5,dp_vs_ensemble_rl,governance_fixed_K2,dp,simple_ensemble_rate_limited,7,-2132.760536602161,-2851.6338032893877,-1509.626435224127,1000,100
M5,dp_vs_ensemble_rl,governance_fixed_K2,dp,simple_ensemble_rate_limited,14,-2132.760536602161,-2875.110757250364,-1508.0158692078135,1000,100
M5,dp_vs_ensemble_rl,governance_fixed_K2,dp,simple_ensemble_rate_limited,28,-2132.760536602161,-2784.801994796107,-1564.5538628726576,1000,100
M5,budgeted_dp_vs_dp,governance_fixed_K2,budgeted_dp,dp,7,-5.755078313185541,-187.51351886431254,163.01519606681896,1000,100
M5,budgeted_dp_vs_dp,governance_fixed_K2,budgeted_dp,dp,14,-5.755078313185541,-180.05394982681332,164.34715774468094,1000,100
M5,budgeted_dp_vs_dp,governance_fixed_K2,budgeted_dp,dp,28,-5.755078313185541,-170.9740902211115,145.94855274341745,1000,100
M5,dp_vs_ensemble_rl,governance_validation_q25,dp,simple_ensemble_rate_limited,7,-2132.760536602161,-2851.6338032893877,-1509.626435224127,1000,100
M5,dp_vs_ensemble_rl,governance_validation_q25,dp,simple_ensemble_rate_limited,14,-2132.760536602161,-2875.110757250364,-1508.0158692078135,1000,100
M5,dp_vs_ensemble_rl,governance_validation_q25,dp,simple_ensemble_rate_limited,28,-2132.760536602161,-2784.801994796107,-1564.5538628726576,1000,100
M5,budgeted_dp_vs_dp,governance_validation_q25,budgeted_dp,dp,7,-5.755078313185541,-187.51351886431254,163.01519606681896,1000,100
M5,budgeted_dp_vs_dp,governance_validation_q25,budgeted_dp,dp,14,-5.755078313185541,-180.05394982681332,164.34715774468094,1000,100
M5,budgeted_dp_vs_dp,governance_validation_q25,budgeted_dp,dp,28,-5.755078313185541,-170.9740902211115,145.94855274341745,1000,100
M5,dp_vs_ensemble_rl,high_switch_cost,dp,simple_ensemble_rate_limited,7,-1265.69442537636,-1855.3104872986073,-787.2143636606005,1000,100
M5,dp_vs_ensemble_rl,high_switch_cost,dp,simple_ensemble_rate_limited,14,-1265.69442537636,-1833.4200528906736,-736.3240016127646,1000,100
M5,dp_vs_ensemble_rl,high_switch_cost,dp,simple_ensemble_rate_limited,28,-1265.69442537636,-1818.4781785269813,-801.9322003191858,1000,100
M5,budgeted_dp_vs_dp,high_switch_cost,budgeted_dp,dp,7,6.712317671621383,-127.72932000285886,123.01954307289823,1000,100
M5,budgeted_dp_vs_dp,high_switch_cost,budgeted_dp,dp,14,6.712317671621383,-127.61668196739468,120.68942624857954,1000,100
M5,budgeted_dp_vs_dp,high_switch_cost,budgeted_dp,dp,28,6.712317671621383,-125.3148771110399,124.33635024750853,1000,100
M5,dp_vs_ensemble_rl,long_lead,dp,simple_ensemble_rate_limited,7,-2759.9848580907646,-3740.593029851233,-1920.1621318270736,1000,100
M5,dp_vs_ensemble_rl,long_lead,dp,simple_ensemble_rate_limited,14,-2759.9848580907646,-3748.07234973946,-1908.1540651795779,1000,100
M5,dp_vs_ensemble_rl,long_lead,dp,simple_ensemble_rate_limited,28,-2759.9848580907646,-3623.6740765151276,-2013.3308425409994,1000,100
M5,budgeted_dp_vs_dp,long_lead,budgeted_dp,dp,7,-67.77918083172095,-242.03076239503653,74.64531752320036,1000,100
M5,budgeted_dp_vs_dp,long_lead,budgeted_dp,dp,14,-67.77918083172095,-233.3667500893763,75.23029731635462,1000,100
M5,budgeted_dp_vs_dp,long_lead,budgeted_dp,dp,28,-67.77918083172095,-209.0577977353922,63.285435879517465,1000,100
M5,dp_vs_ensemble_rl,persistent_backlog,dp,simple_ensemble_rate_limited,7,-421.334066358062,-921.0939166530263,129.91349542331548,1000,100
M5,dp_vs_ensemble_rl,persistent_backlog,dp,simple_ensemble_rate_limited,14,-421.334066358062,-862.50667704212,101.10832343257454,1000,100
M5,dp_vs_ensemble_rl,persistent_backlog,dp,simple_ensemble_rate_limited,28,-421.334066358062,-858.245233127035,125.17532241947808,1000,100
M5,budgeted_dp_vs_dp,persistent_backlog,budgeted_dp,dp,7,41.00575503716554,-147.78118167873566,239.85942340593542,1000,100
M5,budgeted_dp_vs_dp,persistent_backlog,budgeted_dp,dp,14,41.00575503716554,-163.81998037267493,225.5543824154446,1000,100
M5,budgeted_dp_vs_dp,persistent_backlog,budgeted_dp,dp,28,41.00575503716554,-156.68714509365023,216.05378892416672,1000,100
M5,dp_vs_ensemble_rl,strict_switch_budget,dp,simple_ensemble_rate_limited,7,-1293.280485830221,-1875.9857427925149,-807.7491199488629,1000,100
M5,dp_vs_ensemble_rl,strict_switch_budget,dp,simple_ensemble_rate_limited,14,-1293.280485830221,-1866.7285726587188,-760.9230102837174,1000,100
M5,dp_vs_ensemble_rl,strict_switch_budget,dp,simple_ensemble_rate_limited,28,-1293.280485830221,-1841.1697760803445,-825.374535840291,1000,100
M5,budgeted_dp_vs_dp,strict_switch_budget,budgeted_dp,dp,7,10.25997438481373,-122.7988371365864,131.62795931608616,1000,100
M5,budgeted_dp_vs_dp,strict_switch_budget,budgeted_dp,dp,14,10.25997438481373,-126.20867861638584,122.83094119698725,1000,100
M5,budgeted_dp_vs_dp,strict_switch_budget,budgeted_dp,dp,28,10.25997438481373,-122.15244769366554,121.45357008854565,1000,100
M5,dp_vs_ensemble_rl,tight_capacity,dp,simple_ensemble_rate_limited,7,920.90479602881,507.4993922571947,1387.594354555777,1000,100
M5,dp_vs_ensemble_rl,tight_capacity,dp,simple_ensemble_rate_limited,14,920.90479602881,497.0245623276292,1380.5334323289885,1000,100
M5,dp_vs_ensemble_rl,tight_capacity,dp,simple_ensemble_rate_limited,28,920.90479602881,510.7739485535918,1360.3375411186555,1000,100
M5,budgeted_dp_vs_dp,tight_capacity,budgeted_dp,dp,7,-179.5277777045069,-323.98292200171096,-67.02665114023453,1000,100
M5,budgeted_dp_vs_dp,tight_capacity,budgeted_dp,dp,14,-179.5277777045069,-314.3361362956738,-60.39916453497433,1000,100
M5,budgeted_dp_vs_dp,tight_capacity,budgeted_dp,dp,28,-179.5277777045069,-310.0728759963281,-71.63253797509392,1000,100
Walmart,dp_vs_ensemble_rl,frozen_horizon,dp,simple_ensemble_rate_limited,4,-149876.16437623117,-273587.91750996525,-57596.75097702313,1000,100
Walmart,dp_vs_ensemble_rl,frozen_horizon,dp,simple_ensemble_rate_limited,8,-149876.16437623117,-268171.19950151205,-57309.411432191555,1000,100
Walmart,dp_vs_ensemble_rl,frozen_horizon,dp,simple_ensemble_rate_limited,13,-149876.16437623117,-255030.51759891715,-58237.435622719764,1000,100
Walmart,budgeted_dp_vs_dp,frozen_horizon,budgeted_dp,dp,4,4812.9414235466365,-3243.192621067358,15373.663820186097,1000,100
Walmart,budgeted_dp_vs_dp,frozen_horizon,budgeted_dp,dp,8,4812.9414235466365,-2570.4040168206398,15357.611129811983,1000,100
Walmart,budgeted_dp_vs_dp,frozen_horizon,budgeted_dp,dp,13,4812.9414235466365,-2320.8808643226653,13688.657690944776,1000,100
Walmart,dp_vs_ensemble_rl,governance_fixed_K2,dp,simple_ensemble_rate_limited,4,-281693.95598481933,-432097.13766686775,-160988.5324763915,1000,100
Walmart,dp_vs_ensemble_rl,governance_fixed_K2,dp,simple_ensemble_rate_limited,8,-281693.95598481933,-438337.41704402876,-155072.38191147064,1000,100
Walmart,dp_vs_ensemble_rl,governance_fixed_K2,dp,simple_ensemble_rate_limited,13,-281693.95598481933,-418646.0304017629,-160608.85637908944,1000,100
Walmart,budgeted_dp_vs_dp,governance_fixed_K2,budgeted_dp,dp,4,33274.72189987156,9165.366135619708,57201.47549140824,1000,100
Walmart,budgeted_dp_vs_dp,governance_fixed_K2,budgeted_dp,dp,8,33274.72189987156,11439.732765822313,57903.70971339349,1000,100
Walmart,budgeted_dp_vs_dp,governance_fixed_K2,budgeted_dp,dp,13,33274.72189987156,13938.502705088213,54898.45464128928,1000,100
Walmart,dp_vs_ensemble_rl,governance_validation_q25,dp,simple_ensemble_rate_limited,4,-281693.95598481933,-432097.13766686775,-160988.5324763915,1000,100
Walmart,dp_vs_ensemble_rl,governance_validation_q25,dp,simple_ensemble_rate_limited,8,-281693.95598481933,-438337.41704402876,-155072.38191147064,1000,100
Walmart,dp_vs_ensemble_rl,governance_validation_q25,dp,simple_ensemble_rate_limited,13,-281693.95598481933,-418646.0304017629,-160608.85637908944,1000,100
Walmart,budgeted_dp_vs_dp,governance_validation_q25,budgeted_dp,dp,4,-843.4470957931647,-11561.773000991952,8172.153297305403,1000,100
Walmart,budgeted_dp_vs_dp,governance_validation_q25,budgeted_dp,dp,8,-843.4470957931647,-10031.13108202738,7148.7761630054265,1000,100
Walmart,budgeted_dp_vs_dp,governance_validation_q25,budgeted_dp,dp,13,-843.4470957931647,-9173.336705131393,6621.20095263063,1000,100
Walmart,dp_vs_ensemble_rl,high_switch_cost,dp,simple_ensemble_rate_limited,4,-203522.53018302363,-329493.08333608136,-105685.12555382054,1000,100
Walmart,dp_vs_ensemble_rl,high_switch_cost,dp,simple_ensemble_rate_limited,8,-203522.53018302363,-330663.8983676287,-107492.92410581853,1000,100
Walmart,dp_vs_ensemble_rl,high_switch_cost,dp,simple_ensemble_rate_limited,13,-203522.53018302363,-310917.5672184454,-111424.24830672349,1000,100
Walmart,budgeted_dp_vs_dp,high_switch_cost,budgeted_dp,dp,4,16912.892155399004,7176.378201926289,28730.701767961207,1000,100
Walmart,budgeted_dp_vs_dp,high_switch_cost,budgeted_dp,dp,8,16912.892155399004,7893.263259281786,29974.533649225945,1000,100
Walmart,budgeted_dp_vs_dp,high_switch_cost,budgeted_dp,dp,13,16912.892155399004,7449.151163537729,28020.282878101232,1000,100
Walmart,dp_vs_ensemble_rl,long_lead,dp,simple_ensemble_rate_limited,4,-273145.02856066875,-412923.61796058767,-145321.79929332438,1000,100
Walmart,dp_vs_ensemble_rl,long_lead,dp,simple_ensemble_rate_limited,8,-273145.02856066875,-415530.5775904522,-148690.64806575442,1000,100
Walmart,dp_vs_ensemble_rl,long_lead,dp,simple_ensemble_rate_limited,13,-273145.02856066875,-390651.17747087247,-162233.66448419425,1000,100
Walmart,budgeted_dp_vs_dp,long_lead,budgeted_dp,dp,4,2756.43695174879,-1192.925211983841,9872.151521417794,1000,100
Walmart,budgeted_dp_vs_dp,long_lead,budgeted_dp,dp,8,2756.43695174879,-920.7872897812833,9263.024901178473,1000,100
Walmart,budgeted_dp_vs_dp,long_lead,budgeted_dp,dp,13,2756.43695174879,-673.3976827561054,8218.696877219289,1000,100
Walmart,dp_vs_ensemble_rl,persistent_backlog,dp,simple_ensemble_rate_limited,4,-264714.7491249027,-367319.07522673055,-170472.7132266677,1000,100
Walmart,dp_vs_ensemble_rl,persistent_backlog,dp,simple_ensemble_rate_limited,8,-264714.7491249027,-365917.33091100416,-170750.3380656476,1000,100
Walmart,dp_vs_ensemble_rl,persistent_backlog,dp,simple_ensemble_rate_limited,13,-264714.7491249027,-354048.21369075356,-183915.32405192647,1000,100
Walmart,budgeted_dp_vs_dp,persistent_backlog,budgeted_dp,dp,4,12143.107569387832,-2850.698394643236,31712.029182733404,1000,100
Walmart,budgeted_dp_vs_dp,persistent_backlog,budgeted_dp,dp,8,12143.107569387832,-4201.560998112261,30671.327435305284,1000,100
Walmart,budgeted_dp_vs_dp,persistent_backlog,budgeted_dp,dp,13,12143.107569387832,-2782.5282659585464,29716.601239095173,1000,100
Walmart,dp_vs_ensemble_rl,strict_switch_budget,dp,simple_ensemble_rate_limited,4,-202715.7078869082,-328849.45404450106,-105834.32853004056,1000,100
Walmart,dp_vs_ensemble_rl,strict_switch_budget,dp,simple_ensemble_rate_limited,8,-202715.7078869082,-328247.0313796102,-106621.66833807602,1000,100
Walmart,dp_vs_ensemble_rl,strict_switch_budget,dp,simple_ensemble_rate_limited,13,-202715.7078869082,-309734.60142780584,-110834.16204490533,1000,100
Walmart,budgeted_dp_vs_dp,strict_switch_budget,budgeted_dp,dp,4,39496.14417593663,17297.150132322808,74525.66892872017,1000,100
Walmart,budgeted_dp_vs_dp,strict_switch_budget,budgeted_dp,dp,8,39496.14417593663,16865.88719692155,71498.56311907904,1000,100
Walmart,budgeted_dp_vs_dp,strict_switch_budget,budgeted_dp,dp,13,39496.14417593663,18992.14907334833,69137.5556643606,1000,100
Walmart,dp_vs_ensemble_rl,tight_capacity,dp,simple_ensemble_rate_limited,4,-58709.57622468719,-101477.84964302083,-13010.529238997366,1000,100
Walmart,dp_vs_ensemble_rl,tight_capacity,dp,simple_ensemble_rate_limited,8,-58709.57622468719,-102941.17209256145,-18093.410064236214,1000,100
Walmart,dp_vs_ensemble_rl,tight_capacity,dp,simple_ensemble_rate_limited,13,-58709.57622468719,-100125.75143637844,-19777.676334234115,1000,100
Walmart,budgeted_dp_vs_dp,tight_capacity,budgeted_dp,dp,4,7968.033604959834,-9397.375254755872,27336.47622815221,1000,100
Walmart,budgeted_dp_vs_dp,tight_capacity,budgeted_dp,dp,8,7968.033604959834,-8786.698326110105,25647.842844330004,1000,100
Walmart,budgeted_dp_vs_dp,tight_capacity,budgeted_dp,dp,13,7968.033604959834,-6904.166264643796,24274.088803977054,1000,100
